year_decimal,horizon_minutes
2020.1079234973286,0.30225210029194854
2020.1106557377657,0.3025442975925158
2020.1133879782028,0.3028366011994945
2020.11612021864,0.3031290111902719
2020.118852459077,0.3034215276423201
2020.1215846995142,0.30371415063319573
2020.1243169399513,0.3040068802405402
2020.1270491803884,0.30429971654207966
2020.1297814208256,0.3045926596156254
2020.1325136612627,0.3048857095390742
2020.1352459016998,0.30517886639040764
2020.137978142137,0.3054721302476928
2020.140710382574,0.3057655011890826
2020.1434426230112,0.3060589792928154
2020.1461748634483,0.3063525646372152
2020.1489071038854,0.30664625730069217
2020.1516393443226,0.30694005736174235
2020.1543715847597,0.30723396489894794
2020.1571038251968,0.30752797999097736
2020.159836065634,0.3078221027165857
2020.162568306071,0.30811633315461445
2020.1653005465082,0.30841067138399175
2020.1680327869453,0.3087051174837325
2020.1707650273825,0.3089996715329386
2020.1734972678196,0.3092943336107988
2020.1762295082567,0.30958910379658927
2020.1789617486938,0.3098839821696733
2020.181693989131,0.31017896880950185
2020.184426229568,0.3104740637956131
2020.1871584700052,0.3107692672076332
2020.1898907104423,0.311064579125276
2020.1926229508795,0.3113599996283432
2020.1953551913166,0.3116555287967248
2020.1980874317537,0.3119511667103988
2020.2008196721908,0.31224691344943173
2020.203551912628,0.31254276909397827
2020.206284153065,0.31283873372428206
2020.2090163935022,0.3131348074206754
2020.2117486339394,0.3134309902635791
2020.2144808743765,0.3137272823335035
2020.2172131148136,0.31402368371104744
2020.2199453552507,0.3143201944768995
2020.2226775956879,0.3146168147118376
2020.225409836125,0.31491354449672887
2020.228142076562,0.31521038391253015
2020.2308743169992,0.31550733304028844
2020.2336065574364,0.3158043919611403
2020.2363387978735,0.3161015607563125
2020.2390710383106,0.3163988395071217
2020.2418032787477,0.3166962282949753
2020.2445355191849,0.31699372720137076
2020.247267759622,0.3172913363078963
2020.2500000000591,0.31758905569623097
2020.2527322404962,0.3178868854481444
2020.2554644809334,0.3181848256454975
2020.2581967213705,0.3184828763702419
2020.2609289618076,0.3187810377044211
2020.2636612022447,0.3190793097301693
2020.2663934426819,0.31937769252971265
2020.269125683119,0.31967618618536875
2020.2718579235561,0.3199747907795472
2020.2745901639933,0.32027350639474944
2020.2773224044304,0.3205723331135689
2020.2800546448675,0.3208712710186914
2020.2827868853046,0.32117032019289493
2020.2855191257418,0.3214694807190499
2020.2882513661789,0.3217687526801197
2020.290983606616,0.3220681361591601
2020.2937158470531,0.3223676312393199
2020.2964480874903,0.32266723800384106
2020.2991803279274,0.3229669565360584
2020.3019125683645,0.32326678691940036
2020.3046448088016,0.32356672923738883
2020.3073770492388,0.32386678357363907
2020.310109289676,0.32416695001186013
2020.312841530113,0.32446722863585503
2020.3155737705501,0.32476761952952093
2020.3183060109873,0.3250681227768488
2020.3210382514244,0.32536873846192416
2020.3237704918615,0.3256694666689269
2020.3265027322986,0.3259703074821314
2020.3292349727358,0.326271260985907
2020.331967213173,0.32657232726471747
2020.33469945361,0.32688118377904635
2020.3374316940472,0.32721459564458644
2020.3401639344843,0.3275481325887832
2020.3428961749214,0.3278817947055266
2020.3456284153585,0.3282155820888126
2020.3483606557957,0.3285494948327425
2020.3510928962328,0.32888353303152407
2020.35382513667,0.32921769677947144
2020.356557377107,0.32955198617100484
2020.3592896175442,0.3298864013006513
2020.3620218579813,0.3302209422630442
2020.3647540984184,0.33055560915292426
2020.3674863388555,0.330890402065139
2020.3702185792927,0.33122532109464325
2020.3729508197298,0.3315603663364991
2020.375683060167,0.3318955378858761
2020.378415300604,0.33223083583805174
2020.3811475410412,0.33256626028841124
2020.3838797814783,0.3329018113324478
2020.3866120219154,0.3332374890657627
2020.3893442623526,0.33357329358406596
2020.3920765027897,0.33390922498317543
2020.3948087432268,0.3342452833590184
2020.397540983664,0.3345814688076305
2020.400273224101,0.33491778142515655
2020.4030054645382,0.3352542213078503
2020.4057377049753,0.33559078855207514
2020.4084699454124,0.3359274832543037
2020.4112021858496,0.33626430551111847
2020.4139344262867,0.33660125541921176
2020.4166666667238,0.3369383330753857
2020.419398907161,0.33727553857655257
2020.422131147598,0.33761287201973533
2020.4248633880352,0.33795033350206716
2020.4275956284723,0.3382879231207917
2020.4303278689094,0.33862564097326386
2020.4330601093466,0.3389634871569493
2020.4357923497837,0.3393014617694249
2020.4385245902208,0.339639564908379
2020.441256830658,0.3399777966716111
2020.443989071095,0.3403161571570329
2020.4467213115322,0.34065464646266747
2020.4494535519693,0.3409932646866501
2020.4521857924065,0.34133201192722823
2020.4549180328436,0.34167088828276154
2020.4576502732807,0.34200989385172265
2020.4603825137178,0.3423490287326965
2020.463114754155,0.3426882930243811
2020.465846994592,0.34302768682558726
2020.4685792350292,0.3433672102352394
2020.4713114754663,0.34370686335237494
2020.4740437159035,0.3440466462761451
2020.4767759563406,0.3443865591058147
2020.4795081967777,0.3447266019407627
2020.4822404372148,0.34506677488048204
2020.484972677652,0.34540707802457965
2020.487704918089,0.3457475114727774
2020.4904371585262,0.34608807532491126
2020.4931693989633,0.34642876968093245
2020.4959016394005,0.34676959464090695
2020.4986338798376,0.34711055030501575
2020.5013661202747,0.34745163677355523
2020.5040983607119,0.34779285414693745
2020.506830601149,0.3481342025256901
2020.509562841586,0.34847568201045653
2020.5122950820232,0.34881729270199624
2020.5150273224604,0.3491590347011849
2020.5177595628975,0.3495009081090147
2020.5204918033346,0.34984291302659415
2020.5232240437717,0.3501850495551486
2020.5259562842089,0.35052731779602064
2020.528688524646,0.35086971785066934
2020.531420765083,0.35121224982067156
2020.5341530055202,0.3515549138077217
2020.5368852459574,0.3518977099136313
2020.5396174863945,0.35224063824033014
2020.5423497268316,0.3525836988898659
2020.5450819672687,0.3529268919644044
2020.5478142077059,0.3532702175662297
2020.550546448143,0.353613675797745
2020.5532786885801,0.35395726676147143
2020.5560109290172,0.35430099056004977
2020.5587431694544,0.3546448472962393
2020.5614754098915,0.354988837072919
2020.5642076503286,0.3553329599930874
2020.5669398907658,0.35567721615986214
2020.5696721312029,0.3560216056764814
2020.57240437164,0.35636612864630296
2020.5751366120771,0.35671078517280497
2020.5778688525143,0.3570565747862178
2020.5806010929514,0.35743879420858493
2020.5833333333885,0.3578211619734711
2020.5860655738256,0.35820367819607796
2020.5887978142628,0.3585863429917417
2020.5915300547,0.3589691564759327
2020.594262295137,0.35935211876425627
2020.5969945355741,0.35973522997245255
2020.5997267760113,0.3601184902163966
2020.6024590164484,0.360501899612099
2020.6051912568855,0.3608854582757057
2020.6079234973226,0.3612691663234986
2020.6106557377598,0.36165302387189524
2020.613387978197,0.36203703103744955
2020.616120218634,0.36242118793685163
2020.6188524590711,0.36280549468692835
2020.6215846995083,0.3631899514046433
2020.6243169399454,0.3635745582070969
2020.6270491803825,0.36395931521152713
2020.6297814208197,0.3643442225353091
2020.6325136612568,0.36472928029595564
2020.635245901694,0.3651144886111175
2020.637978142131,0.36549984759858356
2020.6407103825682,0.36588535737628075
2020.6434426230053,0.3662710180622749
2020.6461748634424,0.3666568297747702
2020.6489071038795,0.36704279263211
2020.6516393443167,0.3674289067527766
2020.6543715847538,0.3678151722553922
2020.657103825191,0.3682015892587178
2020.659836065628,0.36858815788165505
2020.6625683060652,0.3689748782432449
2020.6653005465023,0.36936175046266895
2020.6680327869394,0.36974877465924927
2020.6707650273765,0.3701359509524486
2020.6734972678137,0.37052327946187064
2020.6762295082508,0.37091076030725995
2020.678961748688,0.37129839360850303
2020.681693989125,0.3716861794856273
2020.6844262295622,0.3720741180588024
2020.6871584699993,0.37246220944834013
2020.6898907104364,0.37285045377469406
2020.6926229508736,0.37323885115846067
2020.6953551913107,0.3736274017203789
2020.6980874317478,0.3740161055813309
2020.700819672185,0.37440496286234176
2020.703551912622,0.3747939736845798
2020.7062841530592,0.3751831381693571
2020.7090163934963,0.3755724564381299
2020.7117486339334,0.37596192861249816
2020.7144808743706,0.37635155481420607
2020.7172131148077,0.37674133516514263
2020.7199453552448,0.3771312697873414
2020.722677595682,0.3775213588029808
2020.725409836119,0.3779116023343848
2020.7281420765562,0.3783020005040226
2020.7308743169933,0.37869255343450897
2020.7336065574304,0.3790832612486048
2020.7363387978676,0.379474124069217
2020.7390710383047,0.3798651420193989
2020.7418032787418,0.38025631522235037
2020.744535519179,0.3806476438014182
2020.747267759616,0.38103912788009603
2020.7500000000532,0.3814307675820251
2020.7527322404903,0.38182256303099404
2020.7554644809275,0.38221451435093917
2020.7581967213646,0.38260662166594483
2020.7609289618017,0.3829988851002438
2020.7636612022388,0.3833913047782171
2020.766393442676,0.38378388082439463
2020.769125683113,0.38417661336345504
2020.7718579235502,0.3845695025202264
2020.7745901639873,0.384962548419686
2020.7773224044245,0.38535575118696097
2020.7800546448616,0.3857491109473282
2020.7827868852987,0.3861426278262148
2020.7855191257358,0.38653630194919814
2020.788251366173,0.38693013344200655
2020.79098360661,0.3873241224305188
2020.7937158470472,0.38771826904076506
2020.7964480874844,0.38811257339892663
2020.7991803279215,0.3885070356313366
2020.8019125683586,0.3889016558644798
2020.8046448087957,0.389296434224993
2020.8073770492329,0.38969137083966554
2020.81010928967,0.39008646583543916
2020.812841530107,0.39048171933940856
2020.8155737705442,0.3909117590095405
2020.8183060109814,0.391350720257908
2020.8210382514185,0.39178985782543213
2020.8237704918556,0.3922291718538294
2020.8265027322927,0.39266866248498744
2020.8292349727299,0.393108329860965
2020.831967213167,0.39354817412399257
2020.8346994536041,0.3939881954164721
2020.8374316940412,0.39442839388097783
2020.8401639344784,0.3948687696602559
2020.8428961749155,0.39530932289722576
2020.8456284153526,0.39575005373497896
2020.8483606557897,0.3961909623167808
2020.8510928962269,0.39663204878606956
2020.853825136664,0.3970733132864576
2020.8565573771011,0.3975147559617311
2020.8592896175383,0.3979563769558505
2020.8620218579754,0.3983981764129509
2020.8647540984125,0.398840154477342
2020.8674863388496,0.3992823112935089
2020.8702185792868,0.39972464700611204
2020.8729508197239,0.40016716175998746
2020.875683060161,0.4006098557001472
2020.8784153005981,0.4010527289717795
2020.8811475410353,0.4014957817202494
2020.8838797814724,0.4019390140910985
2020.8866120219095,0.40238242623004555
2020.8893442623466,0.40282601828298686
2020.8920765027838,0.4032697903959963
2020.894808743221,0.40371374271532584
2020.897540983658,0.40415787538740555
2020.9002732240951,0.4046021885588441
2020.9030054645323,0.40504668237642927
2020.9057377049694,0.4054913569871277
2020.9084699454065,0.40593621253808543
2020.9112021858436,0.40638124917662843
2020.9139344262808,0.40682646705026254
2020.916666666718,0.4072718663066741
2020.919398907155,0.4077174470937299
2020.9221311475922,0.4081632095594777
2020.9248633880293,0.4086091538521463
2020.9275956284664,0.4090552801201462
2020.9303278689035,0.40950158851206964
2020.9330601093407,0.4099480791766908
2020.9357923497778,0.4103947522629664
2020.938524590215,0.4108416079200358
2020.941256830652,0.4112886462972215
2020.9439890710892,0.41173586754402886
2020.9467213115263,0.4121832718101473
2020.9494535519634,0.4126308592454497
2020.9521857924005,0.41307862999999356
2020.9549180328377,0.41352658422402044
2020.9576502732748,0.41397472206795694
2020.960382513712,0.41442304368241467
2020.963114754149,0.4148715492181908
2020.9658469945862,0.41532023882626784
2020.9685792350233,0.41576911265781463
2020.9713114754604,0.41621817086418617
2020.9740437158976,0.4166674135969242
2020.9767759563347,0.4171168410077572
2020.9795081967718,0.417566453248601
2020.982240437209,0.4180162504715589
2020.984972677646,0.4184662328289221
2020.9877049180832,0.41891640047317
2020.9904371585203,0.41936675355697045
2020.9931693989574,0.4198172922331799
2020.9959016393946,0.42026801665484403
2020.9986338798317,0.4207189269751981
2021.0013661202688,0.42117002334766673
2021.004098360706,0.4216213059258649
2021.006830601143,0.42207277486359757
2021.0095628415802,0.42252443031486087
2021.0122950820173,0.4229762724338412
2021.0150273224544,0.42342830137491694
2021.0177595628916,0.4238805172926577
2021.0204918033287,0.4243329203418249
2021.0232240437658,0.4247855106773726
2021.025956284203,0.42523828845444706
2021.02868852464,0.4256912538283876
2021.0314207650772,0.42614440695472666
2021.0341530055143,0.42659774798919037
2021.0368852459515,0.42705127708769836
2021.0396174863886,0.4275049944063646
2021.0423497268257,0.42798183347896823
2021.0450819672628,0.42848646843594834
2021.0478142077,0.4289913130837742
2021.050546448137,0.4294963675968019
2021.0532786885742,0.43000163214960524
2021.0560109290113,0.43050710691697586
2021.0587431694485,0.4310127920739236
2021.0614754098856,0.4315186877956771
2021.0642076503227,0.43202479425768403
2021.0669398907598,0.43253111163561125
2021.069672131197,0.4330376401053457
2021.072404371634,0.43354437984299427
2021.0751366120712,0.43405133102488413
2021.0778688525083,0.4345584938275637
2021.0806010929455,0.4350658684278024
2021.0833333333826,0.43557345500259126
2021.0860655738197,0.43608125372914325
2021.0887978142568,0.4365892647848938
2021.091530054694,0.4370974883475009
2021.094262295131,0.43760592459484576
2021.0969945355682,0.4381145737050328
2021.0997267760054,0.43862343585639063
2021.1024590164425,0.4391325112274718
2021.1051912568796,0.43964179999705366
2021.1079234973167,0.44015130234413824
2021.1106557377539,0.440661018447953
2021.113387978191,0.4411709484879513
2021.116120218628,0.4416810926438122
2021.1188524590652,0.4421914510954417
2021.1215846995024,0.4427020240229725
2021.1243169399395,0.44321281160676423
2021.1270491803766,0.44372381402740446
2021.1297814208137,0.44423503146570875
2021.1325136612509,0.44474646410272095
2021.135245901688,0.44525811211971367
2021.1379781421251,0.4457699756981887
2021.1407103825622,0.4462820550198774
2021.1434426229994,0.44679435026674097
2021.1461748634365,0.4473068616209711
2021.1489071038736,0.44781958926499005
2021.1516393443108,0.4483325333814512
2021.1543715847479,0.44884569415323944
2021.157103825185,0.4493590717634714
2021.1598360656221,0.4498726663954963
2021.1625683060593,0.4503864782328957
2021.1653005464964,0.4509005074594843
2021.1680327869335,0.4514147542593104
2021.1707650273706,0.45192921881665593
2021.1734972678078,0.4524439013160373
2021.176229508245,0.45295880194220517
2021.178961748682,0.4534739208801457
2021.1816939891191,0.45398925831508025
2021.1844262295563,0.4545048144324661
2021.1871584699934,0.45502058941799667
2021.1898907104305,0.455536583457602
2021.1926229508676,0.45605279673744936
2021.1953551913048,0.45656922944394324
2021.198087431742,0.45708588176372617
2021.200819672179,0.45760275388367877
2021.2035519126161,0.4581198459909203
2021.2062841530533,0.45863715827280926
2021.2090163934904,0.4591546909169437
2021.2117486339275,0.4596724441111612
2021.2144808743647,0.46019041804353983
2021.2172131148018,0.4607086129023984
2021.219945355239,0.4612270288762968
2021.222677595676,0.46174566615403634
2021.2254098361132,0.46226452492466036
2021.2281420765503,0.4627836053774548
2021.2308743169874,0.46330290770194765
2021.2336065574245,0.4638224320879109
2021.2363387978617,0.4643421787253596
2021.2390710382988,0.46486214780455304
2021.241803278736,0.4653823395159948
2021.244535519173,0.4659027540504334
2021.2472677596102,0.46642339159886276
2021.2500000000473,0.4669442523525221
2021.2527322404844,0.46746533650289723
2021.2554644809215,0.4679866442417202
2021.2581967213587,0.46850817576097004
2021.2609289617958,0.46902993125287323
2021.263661202233,0.4696048034918129
2021.26639344267,0.47018599444573766
2021.2691256831072,0.47076743531521714
2021.2718579235443,0.471349126315297
2021.2745901639814,0.47193106766130116
2021.2773224044186,0.4725132595688312
2021.2800546448557,0.47309570225376785
2021.2827868852928,0.4736783959322706
2021.28551912573,0.4742613408207788
2021.288251366167,0.47484453713601155
2021.2909836066042,0.4754279850949691
2021.2937158470413,0.47601168491493223
2021.2964480874784,0.4765956368134636
2021.2991803279156,0.47717984100840777
2021.3019125683527,0.4777642977178918
2021.3046448087898,0.4783490071603261
2021.307377049227,0.4789339695544041
2021.310109289664,0.47951918511910363
2021.3128415301012,0.4801046540736869
2021.3155737705383,0.4806903766377009
2021.3183060109754,0.4812763530309784
2021.3210382514126,0.48186258347363786
2021.3237704918497,0.4824490681860846
2021.3265027322868,0.48303580738901053
2021.329234972724,0.4836228013033951
2021.331967213161,0.484210050150506
2021.3346994535982,0.48479755415189896
2021.3374316940353,0.48538531352941916
2021.3401639344725,0.4859733285052008
2021.3428961749096,0.48656159930166837
2021.3456284153467,0.4871501261415367
2021.3483606557838,0.4877389092478117
2021.351092896221,0.48832794884379055
2021.353825136658,0.48891724515306284
2021.3565573770952,0.4895067983995102
2021.3592896175323,0.4900966088073076
2021.3620218579695,0.49068667660092347
2021.3647540984066,0.49127700200512026
2021.3674863388437,0.49186758524495505
2021.3702185792808,0.49245842654577987
2021.372950819718,0.4930495261332425
2021.375683060155,0.49364088423328667
2021.3784153005922,0.49423250107215294
2021.3811475410293,0.49482437687637876
2021.3838797814665,0.49541651187279934
2021.3866120219036,0.49600890628854827
2021.3893442623407,0.49660156035105757
2021.3920765027779,0.4971944742880586
2021.394808743215,0.49778764832758265
2021.397540983652,0.498381082697961
2021.4002732240892,0.49897477762782605
2021.4030054645264,0.4995687333461113
2021.4057377049635,0.5001629500820522
2021.4084699454006,0.5007574280651867
2021.4112021858377,0.5013521675253557
2021.4139344262749,0.5019471686927034
2021.416666666712,0.5025424317976779
2021.4193989071491,0.5031379570710324
2021.4221311475862,0.5037337447438245
2021.4248633880234,0.5043297950474178
2021.4275956284605,0.5049261082134822
2021.4303278688976,0.5055226844739936
2021.4330601093347,0.5061195240612361
2021.4357923497719,0.5067166272078008
2021.438524590209,0.5073139941465876
2021.4412568306461,0.5079116251108049
2021.4439890710833,0.5085095203339709
2021.4467213115204,0.5091076800499134
2021.4494535519575,0.5097061044927709
2021.4521857923946,0.510304793896993
2021.4549180328318,0.5109037484973409
2021.4576502732689,0.5115029685288879
2021.460382513706,0.5121024542270199
2021.4631147541431,0.5127022058274363
2021.4658469945803,0.5133022235661502
2021.4685792350174,0.5139025076794893
2021.4713114754545,0.514503058404096
2021.4740437158916,0.5151062582662387
2021.4767759563288,0.5157762664714407
2021.479508196766,0.5164465726524128
2021.482240437203,0.5171171770743426
2021.4849726776401,0.517788080002772
2021.4877049180773,0.5184592817035977
2021.4904371585144,0.5191307824430716
2021.4931693989515,0.5198025824878022
2021.4959016393886,0.5204746821047544
2021.4986338798258,0.5211470815612506
2021.501366120263,0.5218197811249707
2021.5040983607,0.5224927810639542
2021.5068306011372,0.5231660816465992
2021.5095628415743,0.5238396831416636
2021.5122950820114,0.5245135858182665
2021.5150273224485,0.5251877899458877
2021.5177595628857,0.525862295794369
2021.5204918033228,0.5265371036339148
2021.52322404376,0.5272122137350925
2021.525956284197,0.5278876263688335
2021.5286885246342,0.5285633418064335
2021.5314207650713,0.5292393603195534
2021.5341530055084,0.5299156821802199
2021.5368852459455,0.5305923076608261
2021.5396174863827,0.5312692370341321
2021.5423497268198,0.5319464705732657
2021.545081967257,0.5326240085517235
2021.547814207694,0.5333018512433708
2021.5505464481312,0.5339799989224427
2021.5532786885683,0.5346584518635449
2021.5560109290054,0.5353372103416536
2021.5587431694426,0.5360162746321175
2021.5614754098797,0.5366956450106575
2021.5642076503168,0.537375321753367
2021.566939890754,0.538055305136714
2021.569672131191,0.5387355954375402
2021.5724043716282,0.539416192933063
2021.5751366120653,0.5400970979008751
2021.5778688525024,0.5407783106189462
2021.5806010929396,0.5414598313656227
2021.5833333333767,0.5421416604196286
2021.5860655738138,0.5428237980600673
2021.588797814251,0.5435062445664205
2021.591530054688,0.5441890002185503
2021.5942622951252,0.5448720652966992
2021.5969945355623,0.5455554400814909
2021.5997267759994,0.5462391248539312
2021.6024590164366,0.5469231198954085
2021.6051912568737,0.5476074254876946
2021.6079234973108,0.5482920419129452
2021.610655737748,0.548976969453701
2021.613387978185,0.5496622083928876
2021.6161202186222,0.5503477590138173
2021.6188524590593,0.5510336216001891
2021.6215846994965,0.5517197964360895
2021.6243169399336,0.5524062838059931
2021.6270491803707,0.5530930839947638
2021.6297814208078,0.5537801972876549
2021.632513661245,0.5544676239703099
2021.635245901682,0.5551553643287641
2021.6379781421192,0.5558434186494439
2021.6407103825563,0.5565317872191684
2021.6434426229935,0.5572204703251504
2021.6461748634306,0.5579094682549961
2021.6489071038677,0.5585987812967064
2021.6516393443048,0.559288409738678
2021.654371584742,0.5599783538697034
2021.657103825179,0.5606686139789724
2021.6598360656162,0.5613591903560717
2021.6625683060533,0.5620500832909869
2021.6653005464905,0.5627412930741023
2021.6680327869276,0.5634328199962022
2021.6707650273647,0.5641246643484712
2021.6734972678018,0.5648168264224952
2021.676229508239,0.5655093065102623
2021.678961748676,0.566202104904163
2021.6816939891132,0.5669578752791375
2021.6844262295504,0.5677320446522848
2021.6871584699875,0.568506570372459
2021.6898907104246,0.5692814527678994
2021.6926229508617,0.570056692167299
2021.6953551912989,0.5708322888998049
2021.698087431736,0.5716082432950201
2021.700819672173,0.5723845556830038
2021.7035519126102,0.5731612263942722
2021.7062841530474,0.5739382557597996
2021.7090163934845,0.5747156441110192
2021.7117486339216,0.5754933917798235
2021.7144808743587,0.5762714990985661
2021.7172131147959,0.5770499664000612
2021.719945355233,0.577828794017586
2021.7226775956701,0.5786079822848801
2021.7254098361072,0.5793875315361476
2021.7281420765444,0.5801674421060571
2021.7308743169815,0.5809477143297428
2021.7336065574186,0.5817283485428058
2021.7363387978558,0.5825093450813141
2021.7390710382929,0.5832907042818044
2021.74180327873,0.584072426481282
2021.7445355191671,0.5848545120172226
2021.7472677596043,0.585636961227573
2021.7500000000414,0.5864197744507513
2021.7527322404785,0.5872029520256482
2021.7554644809156,0.5879864942916283
2021.7581967213528,0.5887704015885302
2021.76092896179,0.589554674256668
2021.763661202227,0.5903393126368319
2021.7663934426641,0.5911243170702893
2021.7691256831013,0.5919096878987854
2021.7718579235384,0.5926954254645442
2021.7745901639755,0.5934815301102696
2021.7773224044126,0.5942680021791459
2021.7800546448498,0.595054842014839
2021.782786885287,0.5958420499614976
2021.785519125724,0.5966296263637532
2021.7882513661611,0.5974175715667216
2021.7909836065983,0.5982058859160041
2021.7937158470354,0.5989945697576878
2021.7964480874725,0.599783623438347
2021.7991803279097,0.6005730473050435
2021.8019125683468,0.6013628417053282
2021.804644808784,0.6021530069872416
2021.807377049221,0.602943543499315
2021.8101092896582,0.6037344515905709
2021.8128415300953,0.6045257316105247
2021.8155737705324,0.6053173839091851
2021.8183060109695,0.6061094088370548
2021.8210382514067,0.6069018067451323
2021.8237704918438,0.607694577984912
2021.826502732281,0.6084877229083852
2021.829234972718,0.609281241868042
2021.8319672131552,0.6100751352168707
2021.8346994535923,0.6108694033083604
2021.8374316940294,0.6116640464965003
2021.8401639344665,0.612459065135782
2021.8428961749037,0.6132544595811995
2021.8456284153408,0.6140502301882513
2021.848360655778,0.6148463773129397
2021.851092896215,0.6156429013117731
2021.8538251366522,0.6164398025417667
2021.8565573770893,0.6172370813604425
2021.8592896175264,0.6180347381258322
2021.8620218579636,0.6188327731964763
2021.8647540984007,0.6196311869314257
2021.8674863388378,0.6204299796902432
2021.870218579275,0.6212291518330036
2021.872950819712,0.6220287037202954
2021.8756830601492,0.6228286357132211
2021.8784153005863,0.623632294356701
2021.8811475410234,0.6245276617469167
2021.8838797814606,0.6254234554013771
2021.8866120218977,0.626319675726194
2021.8893442623348,0.627216323128059
2021.892076502772,0.6281133980142461
2021.894808743209,0.6290109007926121
2021.8975409836462,0.6299088318715974
2021.9002732240833,0.630807191660228
2021.9030054645204,0.6317059805681163
2021.9057377049576,0.6326051990054614
2021.9084699453947,0.6335048473830518
2021.9112021858318,0.6344049261122646
2021.913934426269,0.6353054356050687
2021.916666666706,0.6362063762740238
2021.9193989071432,0.6371077485322834
2021.9221311475803,0.6380095527935951
2021.9248633880175,0.6389117894723015
2021.9275956284546,0.639814458983342
2021.9303278688917,0.6407175617422529
2021.9330601093288,0.6416210981651701
2021.935792349766,0.642525068668829
2021.938524590203,0.6434294736705658
2021.9412568306402,0.6443343135883192
2021.9439890710773,0.645239588840631
2021.9467213115145,0.6461452998466481
2021.9494535519516,0.6470514470261223
2021.9521857923887,0.6479580307994126
2021.9549180328258,0.6488650515874864
2021.957650273263,0.6497725098119196
2021.9603825137,0.6506804058948991
2021.9631147541372,0.6515887402592225
2021.9658469945743,0.6524975133283014
2021.9685792350115,0.65340672552616
2021.9713114754486,0.6543163772774383
2021.9740437158857,0.6552264690073926
2021.9767759563229,0.6561370011418965
2021.97950819676,0.6570479741074424
2021.982240437197,0.6579593883311426
2021.9849726776342,0.6588712442407302
2021.9877049180714,0.659783542264561
2021.9904371585085,0.6606962828316139
2021.9931693989456,0.6616094663714926
2021.9959016393827,0.6625230933144272
2021.9986338798199,0.6634371640912742
2022.001366120257,0.6643516791335188
2022.0040983606941,0.6652666388732761
2022.0068306011312,0.6661820437432914
2022.0095628415684,0.6670978941769423
2022.0122950820055,0.6680141906082399
2022.0150273224426,0.6689309334718292
2022.0177595628797,0.6698481232029915
2022.0204918033169,0.6707657602376448
2022.023224043754,0.6716838450123456
2022.0259562841911,0.6726023779642893
2022.0286885246283,0.6735213595313128
2022.0314207650654,0.6744407901518943
2022.0341530055025,0.6753606702651554
2022.0368852459396,0.6762810003108626
2022.0396174863768,0.6772017807294275
2022.0423497268139,0.6781230119619092
2022.045081967251,0.6790446944500145
2022.0478142076881,0.6799668286361005
2022.0505464481253,0.6808894149631747
2022.0532786885624,0.6818124538748964
2022.0560109289995,0.6827359458155791
2022.0587431694366,0.6836598912301901
2022.0614754098738,0.6845842905643532
2022.064207650311,0.6855091442643494
2022.066939890748,0.686434452777118
2022.0696721311851,0.6873602165502584
2022.0724043716223,0.688367359441264
2022.0751366120594,0.6894053403450547
2022.0778688524965,0.690443832700181
2022.0806010929336,0.6914828370109751
2022.0833333333708,0.6925223537825159
2022.086065573808,0.6935623835206303
2022.088797814245,0.6946029267318937
2022.0915300546822,0.6956439839236336
2022.0942622951193,0.696685555603929
2022.0969945355564,0.6977276422816125
2022.0997267759935,0.698770244466273
2022.1024590164307,0.6998133626682551
2022.1051912568678,0.7008569973986621
2022.107923497305,0.7019011491693575
2022.110655737742,0.7029458184929657
2022.1133879781792,0.7039910058828737
2022.1161202186163,0.7050367118532331
2022.1188524590534,0.7060829369189618
2022.1215846994905,0.7071296815957441
2022.1243169399277,0.7081769464000337
2022.1270491803648,0.7092247318490549
2022.129781420802,0.7102730384608038
2022.132513661239,0.7113218667540496
2022.1352459016762,0.7123712172483372
2022.1379781421133,0.7134210904639875
2022.1407103825504,0.7144714869220999
2022.1434426229875,0.7155224071445536
2022.1461748634247,0.7165738516540084
2022.1489071038618,0.7176258209739076
2022.151639344299,0.7186783156284782
2022.154371584736,0.7197313361427337
2022.1571038251732,0.7207848830424746
2022.1598360656103,0.7218389568542911
2022.1625683060474,0.7228935581055634
2022.1653005464846,0.7239486873244644
2022.1680327869217,0.7250043450399605
2022.1707650273588,0.7260605317818137
2022.173497267796,0.7271172480805831
2022.176229508233,0.728174494467626
2022.1789617486702,0.7292322714751006
2022.1816939891073,0.7302905796359662
2022.1844262295444,0.7313494194839859
2022.1871584699816,0.732408791553728
2022.1898907104187,0.733468696380567
2022.1926229508558,0.7345291345006862
2022.195355191293,0.7355901064510784
2022.19808743173,0.7366516127695483
2022.2008196721672,0.7377136539947134
2022.2035519126043,0.7387762306660066
2022.2062841530415,0.7398393433236767
2022.2090163934786,0.7409029925087912
2022.2117486339157,0.7419671787632367
2022.2144808743528,0.7430319026297217
2022.21721311479,0.7440971646517777
2022.219945355227,0.7451629653737608
2022.2226775956642,0.7462293053408537
2022.2254098361013,0.7472961850990673
2022.2281420765385,0.7483636051952421
2022.2308743169756,0.7494315661770502
2022.2336065574127,0.7505000685929964
2022.2363387978498,0.7515691129924211
2022.239071038287,0.7526386999255008
2022.241803278724,0.7537088299432501
2022.2445355191612,0.7547795035975237
2022.2472677595983,0.7558507214410183
2022.2500000000355,0.7569224840272734
2022.2527322404726,0.757994791910674
2022.2554644809097,0.7590676456464513
2022.2581967213468,0.7602420549302239
2022.260928961784,0.761447071807977
2022.263661202221,0.7626527030313107
2022.2663934426582,0.7638589492270398
2022.2691256830954,0.765065811022939
2022.2718579235325,0.7662732890477449
2022.2745901639696,0.7674813839311577
2022.2773224044067,0.7686900963038433
2022.2800546448439,0.7698994267974358
2022.282786885281,0.771109376044539
2022.285519125718,0.7723199446787278
2022.2882513661552,0.7735311333345511
2022.2909836065924,0.7747429426475341
2022.2937158470295,0.7759553732541786
2022.2964480874666,0.7771684257919673
2022.2991803279037,0.7783821008993637
2022.3019125683409,0.7795963992158155
2022.304644808778,0.7808113213817561
2022.3073770492151,0.7820268680386065
2022.3101092896522,0.783243039828778
2022.3128415300894,0.784459837395673
2022.3155737705265,0.7856772613836887
2022.3183060109636,0.7868953124382174
2022.3210382514008,0.7881139912056502
2022.3237704918379,0.7893332983333777
2022.326502732275,0.7905532344697928
2022.3292349727121,0.7917738002642927
2022.3319672131493,0.7929949963672807
2022.3346994535864,0.7942168234301683
2022.3374316940235,0.7954392821053783
2022.3401639344606,0.7966623730463448
2022.3428961748978,0.7978860969075176
2022.3456284153349,0.7991104543443623
2022.348360655772,0.8003354460133643
2022.3510928962091,0.8015610725720294
2022.3538251366463,0.8027873346788862
2022.3565573770834,0.8040142329934892
2022.3592896175205,0.8052417681764197
2022.3620218579576,0.8064699408892886
2022.3647540983948,0.8076987517947382
2022.367486338832,0.8089282015564452
2022.370218579269,0.8101582908391214
2022.3729508197061,0.8113890203085169
2022.3756830601433,0.8126203906314224
2022.3784153005804,0.8138524024756707
2022.3811475410175,0.815085056510139
2022.3838797814547,0.8163183534047516
2022.3866120218918,0.8175522938304812
2022.389344262329,0.8187868784593523
2022.392076502766,0.8200221079644417
2022.3948087432032,0.8212579830198832
2022.3975409836403,0.8224945043008667
2022.4002732240774,0.8237316724836432
2022.4030054645145,0.8249694882455254
2022.4057377049517,0.8262079522648905
2022.4084699453888,0.827447065221182
2022.411202185826,0.8286868277949125
2022.413934426263,0.8299272406676659
2022.4166666667002,0.8311683045220992
2022.4193989071373,0.8324100200419449
2022.4221311475744,0.8336523879120137
2022.4248633880115,0.8348954088181961
2022.4275956284487,0.8361390834474651
2022.4303278688858,0.8373834124878782
2022.433060109323,0.8386283966285801
2022.43579234976,0.8398875847488497
2022.4385245901972,0.841288472406627
2022.4412568306343,0.8426900987549043
2022.4439890710714,0.844092464573221
2022.4467213115086,0.8454955706423511
2022.4494535519457,0.8468994177443063
2022.4521857923828,0.8483040066623383
2022.45491803282,0.849709338180941
2022.457650273257,0.8511154130858533
2022.4603825136942,0.8525222321640629
2022.4631147541313,0.8539297962038069
2022.4658469945684,0.8553381059945764
2022.4685792350056,0.856747162327118
2022.4713114754427,0.8581569659934366
2022.4740437158798,0.8595675177867983
2022.476775956317,0.8609788185017331
2022.479508196754,0.8623908689340376
2022.4822404371912,0.8638036698807774
2022.4849726776283,0.8652172221402902
2022.4877049180654,0.8666315265121879
2022.4904371585026,0.86804658379736
2022.4931693989397,0.8694623947979763
2022.4959016393768,0.8708789603174888
2022.498633879814,0.8722962811606355
2022.501366120251,0.8737143581334422
2022.5040983606882,0.8751331920432265
2022.5068306011253,0.8765527836985985
2022.5095628415625,0.877973133909466
2022.5122950819996,0.8793942434870357
2022.5150273224367,0.8808161132438159
2022.5177595628738,0.8822387439936206
2022.520491803311,0.8836621365515708
2022.523224043748,0.8850862917340985
2022.5259562841852,0.8865112103589482
2022.5286885246223,0.8879368932451815
2022.5314207650595,0.8893633412131784
2022.5341530054966,0.8907905550846403
2022.5368852459337,0.892218535682594
2022.5396174863708,0.8936472838313929
2022.542349726808,0.8950768003567215
2022.545081967245,0.8965070860855968
2022.5478142076822,0.8979381418463723
2022.5505464481193,0.8993699684687403
2022.5532786885565,0.9008025667837349
2022.5560109289936,0.9022359376237349
2022.5587431694307,0.9036700818224662
2022.5614754098679,0.905105000215006
2022.564207650305,0.9065406936377847
2022.566939890742,0.9079771629285888
2022.5696721311792,0.9094144089265643
2022.5724043716164,0.9108524324722197
2022.5751366120535,0.912291234407428
2022.5778688524906,0.9137308155754308
2022.5806010929277,0.9151711768208408
2022.5833333333649,0.9166123189896449
2022.586065573802,0.9180542429292066
2022.5887978142391,0.91949694948827
2022.5915300546762,0.920940439516962
2022.5942622951134,0.9223847138667955
2022.5969945355505,0.9238297733906725
2022.5997267759876,0.9252756189428873
2022.6024590164247,0.926722251379129
2022.6051912568619,0.9281696715564853
2022.607923497299,0.9296178803334447
2022.6106557377361,0.9311767675278365
2022.6133879781733,0.9328093779138952
2022.6161202186104,0.9344428792536068
2022.6188524590475,0.9360772725200637
2022.6215846994846,0.9377125586879533
2022.6243169399218,0.9393487387335625
2022.6270491803589,0.9409858136347793
2022.629781420796,0.9426237843710983
2022.6325136612331,0.9442626519236226
2022.6352459016703,0.9459024172750686
2022.6379781421074,0.9475430814097691
2022.6407103825445,0.9491846453136762
2022.6434426229816,0.9508271099743658
2022.6461748634188,0.9524704763810404
2022.648907103856,0.9541147455245335
2022.651639344293,0.9557599183973123
2022.6543715847301,0.9574059959934824
2022.6571038251673,0.9590529793087899
2022.6598360656044,0.9607008693406264
2022.6625683060415,0.9623496670880317
2022.6653005464786,0.9639993735516983
2022.6680327869158,0.9656499897339741
2022.670765027353,0.9673015166388667
2022.67349726779,0.9689539552720465
2022.6762295082272,0.9706073066408516
2022.6789617486643,0.97226157175429
2022.6816939891014,0.973916751623044
2022.6844262295385,0.975572847259474
2022.6871584699757,0.9772298596776219
2022.6898907104128,0.978887789893215
2022.69262295085,0.9805466389236697
2022.695355191287,0.9822064077880952
2022.6980874317242,0.9838670975072981
2022.7008196721613,0.985528709103784
2022.7035519125984,0.9871912436017638
2022.7062841530355,0.988854702027156
2022.7090163934727,0.9905190854075908
2022.7117486339098,0.9921843947724139
2022.714480874347,0.9938506311526907
2022.717213114784,0.9955177955812095
2022.7199453552212,0.9971858890924857
2022.7226775956583,0.9988549127227662
2022.7254098360954,1.0005248675100316
2022.7281420765325,1.002195754494002
2022.7308743169697,1.0038675747161399
2022.7336065574068,1.005540329219654
2022.736338797844,1.0072140190495038
2022.739071038281,1.0088886452524026
2022.7418032787182,1.010564208876822
2022.7445355191553,1.012240710972996
2022.7472677595924,1.0139181525929242
2022.7500000000296,1.0155965347903768
2022.7527322404667,1.0172758586208972
2022.7554644809038,1.0189561251418082
2022.758196721341,1.0206373354122134
2022.760928961778,1.0223194904930029
2022.7636612022152,1.0240025914468562
2022.7663934426523,1.025686639338248
2022.7691256830894,1.0273716352334503
2022.7718579235266,1.0290575802005377
2022.7745901639637,1.0307444753093904
2022.7773224044008,1.0324839625113493
2022.780054644838,1.0343893224308143
2022.782786885275,1.0362957579659728
2022.7855191257122,1.0382032703320974
2022.7882513661493,1.040111860746522
2022.7909836065865,1.0420215304286464
2022.7937158470236,1.0439322805999405
2022.7964480874607,1.045844112483949
2022.7991803278978,1.0477570273062962
2022.801912568335,1.0496710262946913
2022.804644808772,1.0515861106789326
2022.8073770492092,1.0535022816909119
2022.8101092896463,1.0554195405646194
2022.8128415300835,1.0573378885361495
2022.8155737705206,1.0592573268437038
2022.8183060109577,1.061177856727598
2022.8210382513948,1.0630994794302646
2022.823770491832,1.0650221961962594
2022.826502732269,1.066946008272265
2022.8292349727062,1.0688709169070976
2022.8319672131433,1.070796923351709
2022.8346994535805,1.0727240288591937
2022.8374316940176,1.0746522346847933
2022.8401639344547,1.0765815420859013
2022.8428961748918,1.0785119523220676
2022.845628415329,1.080443466655004
2022.848360655766,1.0823760863485892
2022.8510928962032,1.0843098126688726
2022.8538251366404,1.0862446468840818
2022.8565573770775,1.0881805902646247
2022.8592896175146,1.090117644083096
2022.8620218579517,1.0920558096142825
2022.8647540983889,1.0939950881351672
2022.867486338826,1.0959354809249353
2022.870218579263,1.0978769892649782
2022.8729508197002,1.0998196144388996
2022.8756830601374,1.1017633577325203
2022.8784153005745,1.103708220433882
2022.8811475410116,1.105654203833255
2022.8838797814487,1.1076013092231412
2022.8866120218859,1.1095495378982798
2022.889344262323,1.1114988911556534
2022.8920765027601,1.113449370294492
2022.8948087431972,1.1154009766162782
2022.8975409836344,1.1173537114247534
2022.9002732240715,1.1193075760259223
2022.9030054645086,1.1212625717280587
2022.9057377049458,1.123218699841709
2022.9084699453829,1.1251759616797001
2022.91120218582,1.1271343585571434
2022.9139344262571,1.1290938917914395
2022.9166666666943,1.131054562702285
2022.9193989071314,1.1330163726116758
2022.9221311475685,1.1349793228439147
2022.9248633880056,1.1369434147256152
2022.9275956284428,1.1389086495857073
2022.9303278688799,1.140875028755443
2022.933060109317,1.1428425535684026
2022.9357923497541,1.1448112253604976
2022.9385245901913,1.1467810454699792
2022.9412568306284,1.1489906717151697
2022.9439890710655,1.1512200333739193
2022.9467213115026,1.1534506976894465
2022.9494535519398,1.1556826661851969
2022.952185792377,1.15791594038729
2022.954918032814,1.1601505218245263
2022.9576502732511,1.1623864120283922
2022.9603825136883,1.1646236125330685
2022.9631147541254,1.1668621248754338
2022.9658469945625,1.1691019505950744
2022.9685792349997,1.1713430912342877
2022.9713114754368,1.1735855483380895
2022.974043715874,1.1758293234542212
2022.976775956311,1.178074418133155
2022.9795081967482,1.180320833928101
2022.9822404371853,1.182568572395014
2022.9849726776224,1.1848176350925987
2022.9877049180595,1.1870680235823174
2022.9904371584967,1.1893197394283967
2022.9931693989338,1.191572784197832
2022.995901639371,1.1938271594603966
2022.998633879808,1.1960828667886467
2023.0013661202452,1.1983399077579286
2023.0040983606823,1.2005982839463851
2023.0068306011194,1.2028579969349622
2023.0095628415565,1.205119048307415
2023.0122950819937,1.2073814396503157
2023.0150273224308,1.20964517255306
2023.017759562868,1.2119102486078723
2023.020491803305,1.2141766694098148
2023.0232240437422,1.2164444365567921
2023.0259562841793,1.2187135516495589
2023.0286885246164,1.2209840162917274
2023.0314207650536,1.2232558320897728
2023.0341530054907,1.2255290006530415
2023.0368852459278,1.2278035235937559
2023.039617486365,1.230079402527024
2023.042349726802,1.2323566390708443
2023.0450819672392,1.2346352348461123
2023.0478142076763,1.2369151914766303
2023.0505464481134,1.2391965105891107
2023.0532786885506,1.241479193813186
2023.0560109289877,1.2437632427814134
2023.0587431694248,1.2460486591292839
2023.061475409862,1.2483354444952273
2023.064207650299,1.250623600520621
2023.0669398907362,1.2529131288497966
2023.0696721311733,1.255204031130046
2023.0724043716104,1.2574963090116291
2023.0751366120476,1.259789964147782
2023.0778688524847,1.2620849981947226
2023.0806010929218,1.2643814128116588
2023.083333333359,1.266679209660795
2023.086065573796,1.2689783904073397
2023.0887978142332,1.271278956719513
2023.0915300546703,1.2735809102685531
2023.0942622951075,1.2758842527287249
2023.0969945355446,1.2783731215310274
2023.0997267759817,1.2809853170395207
2023.1024590164188,1.283599091506245
2023.105191256856,1.2862144468414662
2023.107923497293,1.2888313849589201
2023.1106557377302,1.2914499077758197
2023.1133879781673,1.2940700172128636
2023.1161202186045,1.2966917151942452
2023.1188524590416,1.2993150036476602
2023.1215846994787,1.3019398845043164
2023.1243169399158,1.3045663596989412
2023.127049180353,1.3071944311697903
2023.12978142079,1.3098241008586564
2023.1325136612272,1.3124553707108781
2023.1352459016643,1.3150882426753483
2023.1379781421015,1.3177227187045226
2023.1407103825386,1.3203588007544287
2023.1434426229757,1.322996490784674
2023.1461748634129,1.325635790758456
2023.14890710385,1.328276702642569
2023.151639344287,1.3309192284074147
2023.1543715847242,1.3335633700270106
2023.1571038251614,1.336209129478998
2023.1598360655985,1.3388565087446505
2023.1625683060356,1.3415055098088862
2023.1653005464727,1.3441561346602722
2023.1680327869099,1.3468083852910364
2023.170765027347,1.349462263697076
2023.1734972677841,1.3521177718779656
2023.1762295082212,1.3547749118369674
2023.1789617486584,1.35743368558104
2023.1816939890955,1.360094095120847
2023.1844262295326,1.3627561424707653
2023.1871584699697,1.3654198296488966
2023.1898907104069,1.3680851586770757
2023.192622950844,1.3707521315808782
2023.1953551912811,1.3734207503896314
2023.1980874317182,1.376091017136423
2023.2008196721554,1.3787629338581107
2023.2035519125925,1.3814365025953301
2023.2062841530296,1.3841117253925073
2023.2090163934668,1.386788604297864
2023.2117486339039,1.389467141363431
2023.214480874341,1.3921473386450545
2023.2172131147781,1.3948291982024072
2023.2199453552153,1.3975127220989978
2023.2226775956524,1.40019791240218
2023.2254098360895,1.4028847711831616
2023.2281420765266,1.4055733005170152
2023.2308743169638,1.4082635024826877
2023.233606557401,1.4109553791630094
2023.236338797838,1.413648932644703
2023.2390710382751,1.4163441650183954
2023.2418032787123,1.419041078378626
2023.2445355191494,1.4217396748238558
2023.2472677595865,1.4245104031684193
2023.2500000000236,1.4275773636063682
2023.2527322404608,1.4306462416589998
2023.255464480898,1.4337170397261638
2023.258196721335,1.436789760212219
2023.2609289617722,1.4398644055260434
2023.2636612022093,1.4429409780810465
2023.2663934426464,1.4460194802951793
2023.2691256830835,1.4490999145909476
2023.2718579235207,1.4521822833954212
2023.2745901639578,1.4552665891402472
2023.277322404395,1.458352834261661
2023.280054644832,1.4614410212004978
2023.2827868852692,1.4645311524022036
2023.2855191257063,1.467623230316848
2023.2882513661434,1.470717257399134
2023.2909836065805,1.4738132361084126
2023.2937158470177,1.4769111689086911
2023.2964480874548,1.4800110582686483
2023.299180327892,1.4831129066616433
2023.301912568329,1.4862167165657292
2023.3046448087662,1.489322490463664
2023.3073770492033,1.492430230842924
2023.3101092896404,1.4955399401957132
2023.3128415300775,1.4986516210189784
2023.3155737705147,1.501765275814419
2023.3183060109518,1.5048809070884992
2023.321038251389,1.5079985173524613
2023.323770491826,1.511118109122337
2023.3265027322632,1.5142396849189599
2023.3292349727003,1.5173632472679772
2023.3319672131374,1.5204887986998625
2023.3346994535746,1.523616341749929
2023.3374316940117,1.5267458789583395
2023.3401639344488,1.52987741287012
2023.342896174886,1.5330109460351735
2023.345628415323,1.5361464810082899
2023.3483606557602,1.5392840203491607
2023.3510928961973,1.5424235666223904
2023.3538251366344,1.5455651223975095
2023.3565573770716,1.5487086902489862
2023.3592896175087,1.55185427275624
2023.3620218579458,1.5550018725036556
2023.364754098383,1.5581514920805926
2023.36748633882,1.5613031340814
2023.3702185792572,1.5644568011054305
2023.3729508196943,1.5676124957570505
2023.3756830601315,1.5707702206456546
2023.3784153005686,1.5739299783856784
2023.3811475410057,1.5770917715966113
2023.3838797814428,1.5802556029030104
2023.38661202188,1.5834214749345117
2023.389344262317,1.5865893903258448
2023.3920765027542,1.5897593517168458
2023.3948087431913,1.5932095870319911
2023.3975409836285,1.5968201837024425
2023.4002732240656,1.6004331168069013
2023.4030054645027,1.6040483893716508
2023.4057377049398,1.607666004428859
2023.408469945377,1.6112859650165925
2023.411202185814,1.6149082741788316
2023.4139344262512,1.6185329349654891
2023.4166666666883,1.6221599504324213
2023.4193989071255,1.6257893236414471
2023.4221311475626,1.629421057660361
2023.4248633879997,1.633055155562949
2023.4275956284368,1.6366916204290063
2023.430327868874,1.6403304553443498
2023.433060109311,1.6439716634008372
2023.4357923497482,1.6476152476963792
2023.4385245901854,1.651261211334959
2023.4412568306225,1.654909557426645
2023.4439890710596,1.6585602890876092
2023.4467213114967,1.6622134094401413
2023.4494535519339,1.665868921612665
2023.452185792371,1.6695268287397556
2023.454918032808,1.6731871339621542
2023.4576502732452,1.6768498404267862
2023.4603825136824,1.6805149512867739
2023.4631147541195,1.684182469701457
2023.4658469945566,1.6878523988364063
2023.4685792349937,1.6915247418634398
2023.4713114754309,1.6951995019606418
2023.474043715868,1.698876682312377
2023.4767759563051,1.7025562861093075
2023.4795081967422,1.7062383165484099
2023.4822404371794,1.7099227768329919
2023.4849726776165,1.7136096701727086
2023.4877049180536,1.71729899978358
2023.4904371584907,1.7209907688880066
2023.4931693989279,1.724684980714789
2023.495901639365,1.7283816384991413
2023.4986338798021,1.7320807454827098
2023.5013661202393,1.7357823049135914
2023.5040983606764,1.7394863200463482
2023.5068306011135,1.7431927941420258
2023.5095628415506,1.746901730468171
2023.5122950819878,1.750613132298849
2023.5150273224249,1.7543270029146596
2023.517759562862,1.7580433456027567
2023.5204918032991,1.761762163656863
2023.5232240437363,1.7654834603772902
2023.5259562841734,1.769207239070955
2023.5286885246105,1.7729335030513962
2023.5314207650476,1.7766622556387957
2023.5341530054848,1.780393500159991
2023.536885245922,1.7845842159685343
2023.539617486359,1.788843792949641
2023.5423497267961,1.7931062223364087
2023.5450819672333,1.7973715079522385
2023.5478142076704,1.8016396536282249
2023.5505464481075,1.8059106632031765
2023.5532786885447,1.8101845405236365
2023.5560109289818,1.814461289443904
2023.558743169419,1.8187409138260544
2023.561475409856,1.8230234175399602
2023.5642076502932,1.8273088044633128
2023.5669398907303,1.8315970784816433
2023.5696721311674,1.8358882434883426
2023.5724043716045,1.840182303384684
2023.5751366120417,1.8444792620798438
2023.5778688524788,1.8487791234909228
2023.580601092916,1.8530818915429674
2023.583333333353,1.8573875701689921
2023.5860655737902,1.8616961633100004
2023.5887978142273,1.8660076749150059
2023.5915300546644,1.8703221089410549
2023.5942622951015,1.874639469353248
2023.5969945355387,1.8789597601247616
2023.5997267759758,1.8832829852368707
2023.602459016413,1.8876091486789697
2023.60519125685,1.8919382544485954
2023.6079234972872,1.8962703065514492
2023.6106557377243,1.900605309001419
2023.6133879781614,1.904943265820601
2023.6161202185986,1.9092841810393235
2023.6188524590357,1.9136280586961683
2023.6215846994728,1.9179749028379933
2023.62431693991,1.9223247175199556
2023.627049180347,1.926677506805534
2023.6297814207842,1.9310332747665513
2023.6325136612213,1.9353920254831989
2023.6352459016584,1.9397537630440564
2023.6379781420956,1.9441184915461192
2023.6407103825327,1.948486215094817
2023.6434426229698,1.9528569378040401
2023.646174863407,1.9572306637961616
2023.648907103844,1.96160739720206
2023.6516393442812,1.9659871421611448
2023.6543715847183,1.9703699028213773
2023.6571038251554,1.9747556833392963
2023.6598360655926,1.9791444878800402
2023.6625683060297,1.9835363206173724
2023.6653005464668,1.9879311857337032
2023.668032786904,1.9923290874201156
2023.670765027341,1.9967300298763881
2023.6734972677782,2.0016628052665966
2023.6762295082153,2.0066987491545434
2023.6789617486525,2.011738182203392
2023.6816939890896,2.0167811092522747
2023.6844262295267,2.0218275351503983
2023.6871584699638,2.026877464757073
2023.689890710401,2.031930902941742
2023.692622950838,2.0369878545840057
2023.6953551912752,2.0420483245736536
2023.6980874317123,2.047112317810691
2023.7008196721495,2.0521798392053685
2023.7035519125866,2.057250893678209
2023.7062841530237,2.0623254861600384
2023.7090163934608,2.067403621592013
2023.711748633898,2.072485304925648
2023.714480874335,2.077570541122848
2023.7172131147722,2.082659335155935
2023.7199453552093,2.0877516920076777
2023.7226775956465,2.0928476166713215
2023.7254098360836,2.097947114150616
2023.7281420765207,2.1030501894598483
2023.7308743169579,2.1081568476238672
2023.733606557395,2.1132670936781186
2023.736338797832,2.11838093266867
2023.7390710382692,2.1234983696522454
2023.7418032787064,2.1286194096962507
2023.7445355191435,2.133744057878807
2023.7472677595806,2.13887231928878
2023.7500000000177,2.14400419902581
2023.7527322404549,2.1491397022003427
2023.755464480892,2.1542788339336583
2023.758196721329,2.1594215993579056
2023.7609289617662,2.1645680036161288
2023.7636612022034,2.1697180518623007
2023.7663934426405,2.1748717492613534
2023.7691256830776,2.1800291009892083
2023.7718579235147,2.1851901122328092
2023.7745901639519,2.1903547881901515
2023.777322404389,2.195523134070316
2023.7800546448261,2.2006951550934977
2023.7827868852632,2.2058708564910403
2023.7855191257004,2.2110502435054653
2023.7882513661375,2.216233321390505
2023.7909836065746,2.2214200954111365
2023.7937158470118,2.2266105708436097
2023.7964480874489,2.2318047529754823
2023.799180327886,2.237002647105653
2023.8019125683231,2.24220425854439
2023.8046448087603,2.2477750057969104
2023.8073770491974,2.2537416757660074
2023.8101092896345,2.2597126220167456
2023.8128415300716,2.2656878506841998
2023.8155737705088,2.2716673679166597
2023.818306010946,2.277651179875667
2023.821038251383,2.2836392927360514
2023.8237704918201,2.289631712685972
2023.8265027322573,2.295628445926955
2023.8292349726944,2.301629498673931
2023.8319672131315,2.307634877155275
2023.8346994535686,2.313644587612843
2023.8374316940058,2.319658636302014
2023.840163934443,2.3256770294917275
2023.84289617488,2.331699773464522
2023.8456284153172,2.337726874516576
2023.8483606557543,2.3437583389577457
2023.8510928961914,2.349794173111606
2023.8538251366285,2.355834383315492
2023.8565573770657,2.3618789759205328
2023.8592896175028,2.3679279572916996
2023.86202185794,2.3739813338078397
2023.864754098377,2.3800391118617203
2023.8674863388142,2.3861012978600673
2023.8702185792513,2.392167898223607
2023.8729508196884,2.3982389193871065
2023.8756830601255,2.404314367799414
2023.8784153005627,2.4103942499235016
2023.8811475409998,2.416478572236505
2023.883879781437,2.4225673412297652
2023.886612021874,2.4286605634088723
2023.8893442623112,2.4347582452937027
2023.8920765027483,2.440860393418465
2023.8948087431854,2.4469670143317415
2023.8975409836225,2.453078114596527
2023.9002732240597,2.4591937007902764
2023.9030054644968,2.465313779504942
2023.905737704934,2.471438357347021
2023.908469945371,2.4775674409375936
2023.9112021858082,2.48370103691237
2023.9139344262453,2.489839151921732
2023.9166666666824,2.4959817926307744
2023.9193989071196,2.502128965719351
2023.9221311475567,2.5082806778821185
2023.9248633879938,2.5144369358285776
2023.927595628431,2.520597746283119
2023.930327868868,2.526763115985067
2023.9330601093052,2.533611506393957
2023.9357923497423,2.5407015849521835
2023.9385245901794,2.547796922132671
2023.9412568306166,2.554897525743169
2023.9439890710537,2.5620034036088293
2023.9467213114908,2.5691145635722603
2023.949453551928,2.5762310134935777
2023.952185792365,2.5833527612504565
2023.9549180328022,2.5904798147381847
2023.9576502732393,2.597612181869714
2023.9603825136764,2.6047498705757155
2023.9631147541136,2.6118928888046287
2023.9658469945507,2.619041244522717
2023.9685792349878,2.6261949457141216
2023.971311475425,2.633354000380913
2023.974043715862,2.640518416543147
2023.9767759562992,2.6476882022389154
2023.9795081967363,2.6548633655244047
2023.9822404371735,2.662043914473947
2023.9849726776106,2.669229857180075
2023.9877049180477,2.676421201753577
2023.9904371584848,2.683617956323553
2023.993169398922,2.6908201290374687
2023.995901639359,2.6980277280612115
2023.9986338797962,2.7052407615791445
2024.0013661202333,2.7124592377941648
2024.0040983606705,2.719683164927757
2024.0068306011076,2.7269125512200523
2024.0095628415447,2.7341474049298817
2024.0122950819818,2.741387734334835
2024.015027322419,2.7486335477313166
2024.017759562856,2.755884853434602
2024.0204918032932,2.763141659778898
2024.0232240437304,2.7704039751173957
2024.0259562841675,2.7776718078223324
2024.0286885246046,2.7849451662850466
2024.0314207650417,2.7922240589160383
2024.0341530054789,2.7995084941450252
2024.036885245916,2.806798480421005
2024.039617486353,2.8140940262123078
2024.0423497267902,2.8213951400066626
2024.0450819672274,2.828701830311251
2024.0478142076645,2.8360141056527706
2024.0505464481016,2.843331974577491
2024.0532786885387,2.850655445651318
2024.0560109289759,2.8586097798446914
2024.058743169413,2.8670537612173215
2024.0614754098501,2.8755042217133084
2024.0642076502872,2.8839611712851503
2024.0669398907244,2.8924246199082955
2024.0696721311615,2.900894577581217
2024.0724043715986,2.9093710543254825
2024.0751366120357,2.9178540601858223
2024.0778688524729,2.9263436052302056
2024.08060109291,2.9348396995499093
2024.0833333333471,2.94334235325959
2024.0860655737843,2.9518515764973574
2024.0887978142214,2.9603673794248473
2024.0915300546585,2.968889772227292
2024.0942622950956,2.9774187651135957
2024.0969945355328,2.9859543683164076
2024.0997267759699,2.9944965920921947
2024.102459016407,3.0030454467213166
2024.1051912568441,3.0116009425080987
2024.1079234972813,3.020163089780909
2024.1106557377184,3.028731898892231
2024.1133879781555,3.0373073802187376
2024.1161202185926,3.0458895441613705
2024.1188524590298,3.054478401145413
2024.121584699467,3.0630739616205656
2024.124316939904,3.0716762360610255
2024.1270491803411,3.0802852349655603
2024.1297814207783,3.0889009688575846
2024.1325136612154,3.09752344828524
2024.1352459016525,3.1061526838214704
2024.1379781420897,3.114788686064101
2024.1407103825268,3.1234314656359143
2024.143442622964,3.132081033184732
2024.146174863401,3.1407373993834917
2024.1489071038382,3.1494005749303255
2024.1516393442753,3.15807057054864
2024.1543715847124,3.1667473969871973
2024.1571038251495,3.175431065020191
2024.1598360655867,3.1841215854473326
2024.1625683060238,3.1928189690939273
2024.165300546461,3.2015232268109552
2024.168032786898,3.210234369475155
2024.1707650273352,3.2189524079891054
2024.1734972677723,3.2276773532813046
2024.1762295082094,3.237618972112954
2024.1789617486465,3.247706266916566
2024.1816939890837,3.2578015723244516
2024.1844262295208,3.2679049010721477
2024.187158469958,3.2780162659255896
2024.189890710395,3.2881356796812105
2024.1926229508322,3.2982631551660355
2024.1953551912693,3.3083987052377815
2024.1980874317064,3.3185423427849536
2024.2008196721436,3.328694080726945
2024.2035519125807,3.338853932014135
2024.2062841530178,3.349021909627987
2024.209016393455,3.359198026581151
2024.211748633892,3.3693822959175614
2024.2144808743292,3.379574730712537
2024.2172131147663,3.3897753440728833
2024.2199453552034,3.3999841491369938
2024.2226775956406,3.4102011590749486
2024.2254098360777,3.4204263870886207
2024.2281420765148,3.4306598464117757
2024.230874316952,3.440901550310174
2024.233606557389,3.451151512081678
2024.2363387978262,3.46140974505635
2024.2390710382633,3.4716762625965614
2024.2418032787004,3.4819510780970946
2024.2445355191376,3.4922342049852477
2024.2472677595747,3.5025256567209415
2024.2500000000118,3.512825446796824
2024.252732240449,3.523133588738376
2024.255464480886,3.53345009610402
2024.2581967213232,3.543774982485226
2024.2609289617603,3.554108261506618
2024.2636612021975,3.5644499468260826
2024.2663934426346,3.5748000521348784
2024.2691256830717,3.5851585911577444
2024.2718579235088,3.595525577653009
2024.274590163946,3.6059010254126975
2024.277322404383,3.6162849482626473
2024.2800546448202,3.626677360062614
2024.2827868852573,3.6370782747063832
2024.2855191256945,3.6474877061218844
2024.2882513661316,3.6579056682713014
2024.2909836065687,3.66946936038894
2024.2937158470058,3.6815481032077666
2024.296448087443,3.693636769200778
2024.29918032788,3.7057353746893145
2024.3019125683172,3.7178439360350213
2024.3046448087543,3.729962469639984
2024.3073770491915,3.7420909919468586
2024.3101092896286,3.7542295194390096
2024.3128415300657,3.766378068640639
2024.3155737705029,3.778536656116927
2024.31830601094,3.7907052984741636
2024.321038251377,3.8028840123598875
2024.3237704918142,3.815072814463021
2024.3265027322514,3.8272717215140073
2024.3292349726885,3.8394807502849484
2024.3319672131256,3.851699917589747
2024.3346994535627,3.863929240284238
2024.3374316939999,3.876168735266338
2024.340163934437,3.8884184194761753
2024.342896174874,3.900678309896239
2024.3456284153112,3.9129484235515153
2024.3483606557484,3.92522877750963
2024.3510928961855,3.937519388880994
2024.3538251366226,3.949820274818944
2024.3565573770597,3.962131452519885
2024.3592896174969,3.974452939223439
2024.362021857934,3.986784752212584
2024.3647540983711,3.9991269088138064
2024.3674863388082,4.011479426397241
2024.3702185792454,4.0238423223768205
2024.3729508196825,4.036215614210424
2024.3756830601196,4.048599319400022
2024.3784153005568,4.060993455491829
2024.3811475409939,4.073398040076446
2024.383879781431,4.085813090789021
2024.3866120218681,4.0982386253093885
2024.3893442623053,4.110674661362228
2024.3920765027424,4.123121216717211
2024.3948087431795,4.1355783091891585
2024.3975409836166,4.148045956638191
2024.4002732240538,4.16052417696988
2024.403005464491,4.174818618272476
2024.405737704928,4.189328605288365
2024.4084699453651,4.2038509285405485
2024.4112021858023,4.218385609027619
2024.4139344262394,4.232932667801841
2024.4166666666765,4.24749212596933
2024.4193989071136,4.262064004690237
2024.4221311475508,4.276648325178931
2024.424863387988,4.291245108704188
2024.427595628425,4.305854376589377
2024.4303278688622,4.320476150212643
2024.4330601092993,4.335110451007104
2024.4357923497364,4.349757300461024
2024.4385245901735,4.36441672011802
2024.4412568306107,4.379088731577237
2024.4439890710478,4.393773356493553
2024.446721311485,4.408470616577758
2024.449453551922,4.423180533596755
2024.4521857923592,4.437903129373751
2024.4549180327963,4.452638425788453
2024.4576502732334,4.467386444777259
2024.4603825136705,4.482147208333459
2024.4631147541077,4.496920738507428
2024.4658469945448,4.511707057406826
2024.468579234982,4.526506187196797
2024.471311475419,4.5413181501001665
2024.4740437158562,4.556142968397642
2024.4767759562933,4.57098066442802
2024.4795081967304,4.5858312605883755
2024.4822404371675,4.60069477933428
2024.4849726776047,4.615571243179992
2024.4877049180418,4.630460674698671
2024.490437158479,4.645363096522581
2024.493169398916,4.660278531343294
2024.4959016393532,4.675207001911899
2024.4986338797903,4.690148531039213
2024.5013661202274,4.705103141595986
2024.5040983606646,4.720070856513113
2024.5068306011017,4.735051698781847
2024.5095628415388,4.751203936796204
2024.512295081976,4.768677308416841
2024.515027322413,4.786166045407534
2024.5177595628502,4.803670174821389
2024.5204918032873,4.821189723783027
2024.5232240437244,4.8387247194888445
2024.5259562841616,4.856275189207263
2024.5286885245987,4.873841160278987
2024.5314207650358,4.891422660117254
2024.534153005473,4.909019716208095
2024.53688524591,4.926632356110595
2024.5396174863472,4.944260607457147
2024.5423497267843,4.961904497953714
2024.5450819672214,4.979564055380095
2024.5478142076586,4.997239307590178
2024.5505464480957,5.014930282512212
2024.5532786885328,5.032637008149073
2024.55601092897,5.050359512578519
2024.558743169407,5.06809782395347
2024.5614754098442,5.085851970502269
2024.5642076502813,5.103621980528956
2024.5669398907185,5.121407882413535
2024.5696721311556,5.139209704612249
2024.5724043715927,5.157027475657851
2024.5751366120298,5.174861224159883
2024.577868852467,5.192710978804943
2024.580601092904,5.210576768356974
2024.5833333333412,5.2284586216575315
2024.5860655737783,5.24635656762607
2024.5887978142155,5.264270635260222
2024.5915300546526,5.282200853636075
2024.5942622950897,5.300147251908466
2024.5969945355268,5.318109859311251
2024.599726775964,5.336088705157609
2024.602459016401,5.354083818840312
2024.6051912568382,5.372095229832023
2024.6079234972754,5.390122967685584
2024.6106557377125,5.40816706203431
2024.6133879781496,5.427320477907127
2024.6161202185867,5.4484337765095034
2024.6188524590239,5.46956628343074
2024.621584699461,5.490718033661076
2024.624316939898,5.511889062286462
2024.6270491803352,5.533079404488905
2024.6297814207724,5.554289095546826
2024.6325136612095,5.575518170835408
2024.6352459016466,5.59676666582695
2024.6379781420837,5.618034616091225
2024.6407103825209,5.639322057295837
2024.643442622958,5.66062902520658
2024.6461748633951,5.681955555687799
2024.6489071038322,5.703301684702751
2024.6516393442694,5.724667448313971
2024.6543715847065,5.746052882683636
2024.6571038251436,5.7674580240739335
2024.6598360655807,5.788882908847434
2024.6625683060179,5.810327573467452
2024.665300546455,5.8317920544984325
2024.6680327868921,5.853276388606312
2024.6707650273293,5.874780612558903
2024.6734972677664,5.8963047632262695
2024.6762295082035,5.917848877581105
2024.6789617486406,5.939412992699116
2024.6816939890778,5.960997145759403
2024.6844262295149,5.982601374044849
2024.687158469952,6.004225714942502
2024.6898907103891,6.025870205943964
2024.6926229508263,6.047534884645785
2024.6953551912634,6.06921978874985
2024.6980874317005,6.090924956063778
2024.7008196721376,6.112650424501313
2024.7035519125748,6.134396232082724
2024.706284153012,6.1561624169352065
2024.709016393449,6.177949017293279
2024.7117486338861,6.1997560714991895
2024.7144808743233,6.223553728871646
2024.7172131147604,6.249154693155703
2024.7199453551975,6.27477976023227
2024.7226775956347,6.300428975539419
2024.7254098360718,6.326102384643858
2024.728142076509,6.351800033241409
2024.730874316946,6.377521967157496
2024.7336065573832,6.403268232347642
2024.7363387978203,6.4290388748979534
2024.7390710382574,6.454833941025624
2024.7418032786945,6.480653477079424
2024.7445355191317,6.506497529540208
2024.7472677595688,6.532366145021411
2024.750000000006,6.55825937026956
2024.752732240443,6.584177252164772
2024.7554644808802,6.610119837721272
2024.7581967213173,6.6360871740879
2024.7609289617544,6.66207930854863
2024.7636612021915,6.688096288523081
2024.7663934426287,6.714138161567041
2024.7691256830658,6.740204975372989
2024.771857923503,6.7662967777706156
2024.77459016394,6.792413616727354
2024.7773224043772,6.818555540348907
2024.7800546448143,6.84472259687978
2024.7827868852514,6.8709148347038145
2024.7855191256886,6.897132302344729
2024.7882513661257,6.923375048466651
2024.7909836065628,6.949643121874669
2024.793715847,6.975936571515368
2024.796448087437,7.002255446477388
2024.7991803278742,7.028599795991962
2024.8019125683113,7.054969669433477
2024.8046448087484,7.08136511632003
2024.8073770491856,7.107786186313978
2024.8101092896227,7.134232929222513
2024.8128415300598,7.164998972701277
2024.815573770497,7.196154227867912
2024.818306010934,7.227339844626814
2024.8210382513712,7.258555882226471
2024.8237704918083,7.289802400088998
2024.8265027322454,7.321079457810818
2024.8292349726826,7.352387115163338
2024.8319672131197,7.383725432093642
2024.8346994535568,7.415094468725178
2024.837431693994,7.446494285358445
2024.840163934431,7.4779249424717
2024.8428961748682,7.5093865007216465
2024.8456284153053,7.540879020944143
2024.8483606557425,7.572402564154911
2024.8510928961796,7.603957191550236
2024.8538251366167,7.635542964507694
2024.8565573770538,7.667159944586858
2024.859289617491,7.69880819353002
2024.862021857928,7.730487773262919
2024.8647540983652,7.762198745895463
2024.8674863388023,7.793941173722469
2024.8702185792395,7.825715119224384
2024.8729508196766,7.857520645068037
2024.8756830601137,7.889357814107376
2024.8784153005508,7.921226689384208
2024.881147540988,7.95312733412896
2024.883879781425,7.985059811761421
2024.8866120218622,8.017024185891508
2024.8893442622993,8.049020520320019
2024.8920765027365,8.081048879039404
2024.8948087431736,8.113109326234532
2024.8975409836107,8.145201926283459
2024.9002732240479,8.17732674375821
2024.903005464485,8.209483843425556
2024.905737704922,8.244635782820758
2024.9084699453592,8.282654755868842
2024.9112021857964,8.32071204972351
2024.9139344262335,8.358807741732313
2024.9166666666706,8.396941909477263
2024.9193989071077,8.435114630775772
2024.9221311475449,8.473325983681612
2024.924863387982,8.511576046485871
2024.927595628419,8.549864897717915
2024.9303278688562,8.588192616146365
2024.9330601092934,8.626559280780052
2024.9357923497305,8.664964970869015
2024.9385245901676,8.703409765905468
2024.9412568306047,8.741893745624797
2024.9439890710419,8.78041699000655
2024.946721311479,8.818979579275439
2024.9494535519161,8.857581593902333
2024.9521857923532,8.896223114605279
2024.9549180327904,8.934904222350504
2024.9576502732275,8.97362499835344
2024.9603825136646,9.012385524079752
2024.9631147541018,9.051185881246356
2024.9658469945389,9.090026151822462
2024.968579234976,9.12890641803061
2024.9713114754131,9.167826762347717
2024.9740437158503,9.206787267506126
2024.9767759562874,9.245788016494664
2024.9795081967245,9.284829092559704
2024.9822404371616,9.323910579206222
2024.9849726775988,9.363032560198887
2024.987704918036,9.402195119563123
2024.990437158473,9.441398341586202
2024.9931693989101,9.480642310818332
2024.9959016393473,9.521747015095443
2024.9986338797844,9.568319619071968
2025.0013661202215,9.614940781367684
2025.0040983606586,9.661610603372171
2025.0068306010958,9.708329186792946
2025.009562841533,9.755096633656796
2025.01229508197,9.801913046311114
2025.0150273224071,9.84877852742525
2025.0177595628443,9.895693179991854
2025.0204918032814,9.942657107328241
2025.0232240437185,9.989670413077757
2025.0259562841557,10.03673320121115
2025.0286885245928,10.083845576027954
2025.03142076503,10.131007642157872
2025.034153005467,10.178219504562172
2025.0368852459042,10.225481268535097
2025.0396174863413,10.272793039705265
2025.0423497267784,10.320154924037094
2025.0450819672155,10.367567027832225
2025.0478142076527,10.415029457730949
2025.0505464480898,10.462542320713657
2025.053278688527,10.510105724102281
2025.056010928964,10.557719775561754
2025.0587431694012,10.605384583101463
2025.0614754098383,10.653100255076737
2025.0642076502754,10.700866900190315
2025.0669398907125,10.748684627493832
2025.0696721311497,10.79655354638932
2025.0724043715868,10.844473766630708
2025.075136612024,10.89244539832533
2025.077868852461,10.940468551935453
2025.0806010928982,10.98854333827979
2025.0833333333353,11.037615132955995
2025.0860655737724,11.094892554423232
2025.0887978142096,11.152231757858662
2025.0915300546467,11.209632876723832
2025.0942622950838,11.267096044913291
2025.096994535521,11.324621396756463
2025.099726775958,11.382209067019536
2025.1024590163952,11.439859190907356
2025.1051912568323,11.497571904065333
2025.1079234972694,11.55534734258136
2025.1106557377066,11.613185642987737
2025.1133879781437,11.671086942263106
2025.1161202185808,11.729051377834406
2025.118852459018,11.787079087578828
2025.121584699455,11.84517020982578
2025.1243169398922,11.903324883358874
2025.1270491803293,11.961543247417914
2025.1297814207664,12.0198254417009
2025.1325136612036,12.078171606366034
2025.1352459016407,12.136581882033752
2025.1379781420778,12.195056409788753
2025.140710382515,12.253595331182051
2025.143442622952,12.31219878823303
2025.1461748633892,12.370866923431507
2025.1489071038263,12.429599879739822
2025.1516393442635,12.488397800594928
2025.1543715847006,12.547260829910487
2025.1571038251377,12.606189112078994
2025.1598360655748,12.665182791973896
2025.162568306012,12.72424201495174
2025.165300546449,12.783366926854313
2025.1680327868862,12.842926698243666
2025.1707650273233,12.913660121930132
2025.1734972677605,12.98447248277268
2025.1762295081976,13.055363957202239
2025.1789617486347,13.12633472224201
2025.1816939890718,13.197384955510131
2025.184426229509,13.26851483522234
2025.187158469946,13.339724540194668
2025.1898907103832,13.41101424984612
2025.1926229508204,13.482384144201413
2025.1953551912575,13.553834403893687
2025.1980874316946,13.62536521016726
2025.2008196721317,13.696976744880384
2025.2035519125689,13.768669190508028
2025.206284153006,13.84044273014466
2025.209016393443,13.912297547507064
2025.2117486338802,13.98423382693716
2025.2144808743174,14.056251753404842
2025.2172131147545,14.128351512510838
2025.2199453551916,14.200533290489577
2025.2226775956287,14.272797274212088
2025.2254098360659,14.34514365118889
2025.228142076503,14.417572609572925
2025.2308743169401,14.490084338162497
2025.2336065573772,14.562679026404213
2025.2363387978144,14.635356864395977
2025.2390710382515,14.708118042889959
2025.2418032786886,14.780962753295615
2025.2445355191257,14.853891187682704
2025.2472677595629,14.926903538784329
2025.25,15.0
2025.25,15.0
2025.2527322404371,15.08564769977298
2025.2554644808743,15.17134473187813
2025.2581967213114,15.257091180256316
2025.2609289617485,15.342887129055367
2025.2636612021856,15.42873266263074
2025.2663934426228,15.514627865546219
2025.2691256830599,15.600572822574584
2025.271857923497,15.686567618698316
2025.2745901639341,15.772612339110273
2025.2773224043713,15.858707069214393
2025.2800546448084,15.944851894626389
2025.2827868852455,16.03104690117445
2025.2855191256826,16.11729217489994
2025.2882513661198,16.203587802058106
2025.290983606557,16.289933869118787
2025.293715846994,16.37633046276713
2025.2964480874311,16.462777669904288
2025.2991803278683,16.549275577648157
2025.3019125683054,16.635824273334084
2025.3046448087425,16.722423844515603
2025.3073770491796,16.80907437896514
2025.3101092896168,16.895775964674765
2025.312841530054,16.982528689856906
2025.315573770491,17.069332642945103
2025.3183060109282,17.15618791259473
2025.3210382513653,17.243094587683746
2025.3237704918024,17.33005275731343
2025.3265027322395,17.417062510809153
2025.3292349726767,17.50412393772109
2025.3319672131138,17.591237127825014
2025.334699453551,17.68918336195235
2025.337431693988,17.79446718206413
2025.3401639344252,17.899813814775893
2025.3428961748623,18.005223369558696
2025.3456284152994,18.110695956160523
2025.3483606557365,18.2162316846072
2025.3510928961737,18.32183066520335
2025.3538251366108,18.427493008533318
2025.356557377048,18.53321882546213
2025.359289617485,18.63900822713644
2025.3620218579222,18.744861324985482
2025.3647540983593,18.850778230722018
2025.3674863387964,18.956759056343316
2025.3702185792336,19.062803914132104
2025.3729508196707,19.168912916657547
2025.3756830601078,19.275086176776217
2025.378415300545,19.38132380763307
2025.381147540982,19.487625922662424
2025.3838797814192,19.593992635588968
2025.3866120218563,19.700424060428716
2025.3893442622934,19.806920311490032
2025.3920765027306,19.91348150337462
2025.3948087431677,20.02010775097852
2025.3975409836048,20.12679916949313
2025.400273224042,20.233555874406196
2025.403005464479,20.340377981502854
2025.4057377049162,20.447265606866633
2025.4084699453533,20.55421886688049
2025.4112021857904,20.661237878227826
2025.4139344262276,20.768322757893536
2025.4166666666647,20.892236544802802
2025.4193989071018,21.022285795796858
2025.422131147539,21.152415369929937
2025.424863387976,21.282625410574738
2025.4275956284132,21.412916061476007
2025.4303278688503,21.543287466751813
2025.4330601092875,21.673739770894848
2025.4357923497246,21.804273118773718
2025.4385245901617,21.934887655634252
2025.4412568305988,22.06558352710082
2025.443989071036,22.19636087917763
2025.446721311473,22.32721985825005
2025.4494535519102,22.458160611085955
2025.4521857923473,22.589183284837038
2025.4549180327845,22.72028802704016
2025.4576502732216,22.851474985618683
2025.4603825136587,22.982744308883834
2025.4631147540958,23.11409614553605
2025.465846994533,23.24553064466634
2025.46857923497,23.37704795575765
2025.4713114754072,23.50864822868626
2025.4740437158443,23.640331613723127
2025.4767759562815,23.77209826153529
2025.4795081967186,23.903948323187276
2025.4822404371557,24.03588195014246
2025.4849726775929,24.167899294264508
2025.48770491803,24.300000507818762
2025.490437158467,24.432185743473664
2025.4931693989042,24.56445515430218
2025.4959016393414,24.708749671332566
2025.4986338797785,24.87020430046761
2025.5013661202156,25.031762109851012
2025.5040983606527,25.1934232880832
2025.5068306010899,25.35518802426653
2025.509562841527,25.51705650800708
2025.512295081964,25.679028929416443
2025.5150273224012,25.84110547911351
2025.5177595628384,26.00328634822628
2025.5204918032755,26.165571728393676
2025.5232240437126,26.32796181176737
2025.5259562841497,26.49045679101359
2025.5286885245869,26.65305685931499
2025.531420765024,26.815762210372466
2025.5341530054611,26.978573038407024
2025.5368852458982,27.141489538161643
2025.5396174863354,27.304511904903137
2025.5423497267725,27.467640334424036
2025.5450819672096,27.630875023044485
2025.5478142076468,27.794216167614117
2025.5505464480839,27.957663965513973
2025.553278688521,28.12121861465841
2025.5560109289581,28.28488031349703
2025.5587431693953,28.448649261016595
2025.5614754098324,28.61252565674297
2025.5642076502695,28.776509700743084
2025.5669398907066,28.94060159362686
2025.5696721311438,29.10480153654921
2025.572404371581,29.26910973121199
2025.575136612018,29.456792420602483
2025.5778688524551,29.658434209464158
2025.5806010928923,29.860209417041133
2025.5833333333294,30.062118293244446
2025.5860655737665,30.264161088667716
2025.5887978142036,30.466338054589663
2025.5915300546408,30.668649442976584
2025.594262295078,30.871095506484863
2025.596994535515,31.073676498463502
2025.5997267759521,31.27639267295664
2025.6024590163893,31.47924428470609
2025.6051912568264,31.68223158915393
2025.6079234972635,31.88535484244501
2025.6106557377007,32.08861430142959
2025.6133879781378,32.29201022366588
2025.616120218575,32.49554286742269
2025.618852459012,32.699212491682005
2025.6215846994492,32.90301935614163
2025.6243169398863,33.10696372121781
2025.6270491803234,33.31104584804791
2025.6297814207605,33.51526599849306
2025.6325136611977,33.719624435140794
2025.6352459016348,33.924121421307824
2025.637978142072,34.12875722104266
2025.640710382509,34.33353209912835
2025.6434426229462,34.53844632108521
2025.6461748633833,34.743500153173564
2025.6489071038204,34.94869386239646
2025.6516393442575,35.172144942916404
2025.6543715846947,35.42539151160901
2025.6571038251318,35.67881147132149
2025.659836065569,35.93240515483047
2025.662568306006,36.186172895845196
2025.6653005464432,36.440115029011025
2025.6680327868803,36.69423188991292
2025.6707650273174,36.94852381507897
2025.6734972677546,37.20299114198392
2025.6762295081917,37.45763420905272
2025.6789617486288,37.71245335566412
2025.681693989066,37.9674489221542
2025.684426229503,38.22262124982002
2025.6871584699402,38.477970680923235
2025.6898907103773,38.733497558693685
2025.6926229508144,38.98920222733311
2025.6953551912516,39.24508503201876
2025.6980874316887,39.501146318907125
2025.7008196721258,39.757386435137626
2025.703551912563,40.013805728836324
2025.706284153,40.270404549119675
2025.7090163934372,40.52718324609829
2025.7117486338743,40.784142170880685
2025.7144808743114,41.0412816755771
2025.7172131147486,41.29860211330331
2025.7199453551857,41.55610383818444
2025.7226775956228,41.81378720535879
2025.72540983606,42.071652570981776
2025.728142076497,42.37095743821637
2025.7308743169342,42.69111985152476
2025.7336065573713,43.01150924470656
2025.7363387978085,43.33212606442706
2025.7390710382456,43.652970758636854
2025.7418032786827,43.97404377657677
2025.7445355191198,44.29534556878283
2025.747267759557,44.616876587091205
2025.749999999994,44.93863728464328
2025.7527322404312,45.2606281158906
2025.7554644808683,45.58284953659999
2025.7581967213055,45.90530200385859
2025.7609289617426,46.227985976078976
2025.7636612021797,46.55090191300428
2025.7663934426168,46.874050275713344
2025.769125683054,47.19743152662588
2025.771857923491,47.52104612950769
2025.7745901639282,47.84489454947587
2025.7773224043653,48.16897725300408
2025.7800546448025,48.493294707927824
2025.7827868852396,48.81784738344972
2025.7855191256767,49.14263575014486
2025.7882513661139,49.467660279966175
2025.790983606551,49.79292144624974
2025.793715846988,50.118419723720294
2025.7964480874252,50.44415558849655
2025.7991803278624,50.770129518096766
2025.8019125682995,51.13564437912824
2025.8046448087366,51.54293932538613
2025.8073770491737,51.95053308943223
2025.8101092896109,52.35842627409191
2025.812841530048,52.76661948397119
2025.8155737704851,53.175113325463734
2025.8183060109222,53.583908406757885
2025.8210382513594,53.99300533784376
2025.8237704917965,54.40240473052041
2025.8265027322336,54.8121071984029
2025.8292349726707,55.22211335692954
2025.8319672131079,55.63242382336912
2025.834699453545,56.04303921682815
2025.8374316939821,56.45396015825815
2025.8401639344193,56.86518727046301
2025.8428961748564,57.276721178106335
2025.8456284152935,57.68856250771888
2025.8483606557306,58.10071188770595
2025.8510928961678,58.513169948354914
2025.8538251366049,58.925937321842724
2025.856557377042,59.33901464224344
2025.8592896174791,59.75240254553589
2025.8620218579163,60.16610166961115
2025.8647540983534,60.580112654280455
2025.8674863387905,60.99443614128267
2025.8702185792276,61.409072774292156
2025.8729508196648,61.82402319892654
2025.875683060102,62.32821344017209
2025.878415300539,62.850172754474016
2025.8811475409761,63.37252863156855
2025.8838797814133,63.895281892198824
2025.8866120218504,64.41843335959831
2025.8893442622875,64.94198385950088
2025.8920765027246,65.46593422015097
2025.8948087431618,65.99028527231367
2025.897540983599,66.51503784928505
2025.900273224036,67.04019278690245
2025.9030054644732,67.5657509235547
2025.9057377049103,68.09171310019269
2025.9084699453474,68.61808016033959
2025.9112021857845,69.14485295010157
2025.9139344262217,69.6720323181782
2025.9166666666588,70.19961911587308
2025.919398907096,70.72761419710456
2025.922131147533,71.25601841841635
2025.9248633879702,71.78483263898838
2025.9275956284073,72.31405772064755
2025.9303278688444,72.84369452787872
2025.9330601092815,73.37374392783548
2025.9357923497187,73.90420679035122
2025.9385245901558,74.43508398795024
2025.941256830593,74.96637639585873
2025.94398907103,75.49808489201604
2025.9467213114672,76.13087174207415
2025.9494535519043,76.80448137525588
2025.9521857923414,77.47862066724633
2025.9549180327786,78.15329074241346
2025.9576502732157,78.82849272862879
2025.9603825136528,79.50422775728184
2025.96311475409,80.18049696329479
2025.965846994527,80.85730148513724
2025.9685792349642,81.53464246484096
2025.9713114754013,82.21252104801478
2025.9740437158384,82.89093838385953
2025.9767759562756,83.56989562518302
2025.9795081967127,84.24939392841522
2025.9822404371498,84.92943445362333
2025.984972677587,85.61001836452719
2025.987704918024,86.29114682851453
2025.9904371584612,86.97282101665634
2025.9931693988983,87.6550421037225
2025.9959016393354,88.33781126819723
2025.9986338797726,89.02112969229485
2026.0013661202097,89.70499856197551
2026.0040983606468,90.38941906696103
2026.006830601084,91.07439240075072
2026.009562841521,91.75991976063756
2026.0122950819582,92.44600234772406
2026.0150273223953,93.154506947988
2026.0177595628325,94.03030209960006
2026.0204918032696,94.9068094799499
2026.0232240437067,95.784030639406
2026.0259562841438,96.66196713329619
2026.028688524581,97.54062052192887
2026.031420765018,98.41999237061418
2026.0341530054552,99.3000842496854
2026.0368852458923,100.18089773452046
2026.0396174863295,101.0624344055636
2026.0423497267666,101.94469584834707
2026.0450819672037,102.827683653513
2026.0478142076408,103.7113994168353
2026.050546448078,104.59584473924188
2026.053278688515,105.48102122683666
2026.0560109289522,106.36693049092213
2026.0587431693893,107.25357414802158
2026.0614754098265,108.14095381990185
2026.0642076502636,109.02907113359586
2026.0669398907007,109.91792772142553
2026.0696721311378,110.80752522102466
2026.072404371575,111.69786527536198
2026.075136612012,112.58894953276443
2026.0778688524492,113.48077964694038
2026.0806010928864,114.37335727700304
2026.0833333333235,115.27659841365406
2026.0860655737606,116.42523148633755
2026.0887978141977,117.57483133871543
2026.0915300546349,118.72540013035113
2026.094262295072,119.87694002790494
2026.096994535509,121.02945320516497
2026.0997267759462,122.18294184307852
2026.1024590163834,123.33740812978354
2026.1051912568205,124.49285426064023
2026.1079234972576,125.64928243826274
2026.1106557376947,126.80669487255145
2026.1133879781319,127.96509378072467
2026.116120218569,129.12448138735138
2026.1188524590061,130.28485992438362
2026.1215846994432,131.44623163118902
2026.1243169398804,132.6085987545838
2026.1270491803175,133.77196354886587
2026.1297814207546,134.93632827584804
2026.1325136611918,136.10169520489129
2026.1352459016289,137.2680666129386
2026.137978142066,138.43544478454862
2026.1407103825031,139.6038320119297
2026.1434426229403,140.77323059497394
2026.1461748633774,141.94364284129173
2026.1489071038145,143.11507106624626
2026.1516393442516,144.45378635830124
2026.1543715846888,145.97433485133723
2026.157103825126,147.4962088845886
2026.159836065563,149.01941149887944
2026.1625683060001,150.5439457453073
2026.1653005464373,152.06981468528943
2026.1680327868744,153.59702139060968
2026.1707650273115,155.1255689434649
2026.1734972677486,156.6554604365125
2026.1762295081858,158.1866989729174
2026.178961748623,159.71928766639985
2026.18169398906,161.25322964128335
2026.1844262294971,162.78852803254279
2026.1871584699343,164.32518598585284
2026.1898907103714,165.86320665763685
2026.1926229508085,167.4025932151156
2026.1953551912457,168.9433488363567
2026.1980874316828,170.48547671032435
2026.20081967212,172.0289800369288
2026.203551912557,173.5738620270767
2026.2062841529942,175.12012590272155
2026.2090163934313,176.6677748969143
2026.2117486338684,178.21681225385453
2026.2144808743055,179.7672412289414
2026.2172131147427,181.52602358903025
2026.2199453551798,183.55721214888072
2026.222677595617,185.59023342379132
2026.225409836054,187.6250917301953
2026.2281420764912,189.66179139951328
2026.2308743169283,191.70033677822295
2026.2336065573654,193.7407322279287
2026.2363387978025,195.78298212543183
2026.2390710382397,197.82709086280124
2026.2418032786768,199.8730628474447
2026.244535519114,201.92090250217998
2026.247267759551,203.97061426530703
2026.2499999999882,206.0222025906801
2026.2527322404253,208.07567194778053
2026.2554644808624,210.13102682178993
2026.2581967212996,212.1882717136637
2026.2609289617367,214.24741114020517
2026.2636612021738,216.30844963414003
2026.266393442611,218.37139174419104
2026.269125683048,220.4362420351536
2026.2718579234852,222.50300508797142
2026.2745901639223,224.57168549981265
2026.2773224043594,226.64228788414673
2026.2800546447966,228.71481687082138
2026.2827868852337,231.38574301661558
2026.2855191256708,234.12799622550224
2026.288251366108,236.87281233247487
2026.290983606545,239.62019753962988
2026.2937158469822,242.37015807121284
2026.2964480874193,245.12270017372356
2026.2991803278564,247.87783011602252
2026.3019125682936,250.6355541894378
2026.3046448087307,253.39587870787247
2026.3073770491678,256.1588100079124
2026.310109289605,258.92435444893516
2026.312841530042,261.69251841321966
2026.3155737704792,264.46330830605604
2026.3183060109163,267.23673055585596
2026.3210382513535,270.0127916142646
2026.3237704917906,272.7914979562723
2026.3265027322277,275.5728560803275
2026.3292349726648,278.35687250844995
2026.331967213102,281.1435537863451
2026.334699453539,283.93290648351837
2026.3374316939762,286.7249371933912
2026.3401639344133,289.51965253341683
2026.3428961748505,292.3170591451974
2026.3456284152876,295.9279236366771
2026.3483606557247,299.66901578055393
2026.3510928961618,303.41372693021526
2026.353825136599,307.1620660811515
2026.356557377036,310.9140422618805
2026.3592896174732,314.66966453410924
2026.3620218579103,318.42894199289685
2026.3647540983475,322.1918837668183
2026.3674863387846,325.9584990181292
2026.3702185792217,329.72879694293147
2026.3729508196589,333.50278677134065
2026.375683060096,337.2804777676533
2026.378415300533,341.0618792305159
2026.3811475409702,344.8470004930952
2026.3838797814074,348.63585092324894
2026.3866120218445,352.42843992369825
2026.3893442622816,356.22477693220003
2026.3920765027187,360.0248714217222
2026.3948087431559,363.8287329006181
2026.397540983593,367.6363709128034
2026.4002732240301,371.4477950379334
2026.4030054644672,375.26301489158186
2026.4057377049044,379.5281482940336
2026.4084699453415,384.6895117710768
2026.4112021857786,389.85603924740394
2026.4139344262157,395.0277439017902
2026.4166666666529,400.20463896273424
2026.41939890709,405.3867377087078
2026.4221311475271,410.5740534684082
2026.4248633879643,415.7665996210117
2026.4275956284014,420.96438959642836
2026.4303278688385,426.1674368755596
2026.4330601092756,431.37575499055595
2026.4357923497128,436.58935752507654
2026.4385245901499,441.80825811455156
2026.441256830587,447.0324704464456
2026.4439890710241,452.2620082605221
2026.4467213114613,457.49688534911
2026.4494535518984,462.7371155573732
2026.4521857923355,467.9827127835794
2026.4549180327726,473.2336909793725
2026.4576502732098,478.4900641500458
2026.460382513647,483.75184635481764
2026.463114754084,489.01905170710864
2026.4658469945211,494.86781039105205
2026.4685792349583,502.08287397131005
2026.4713114753954,509.3054092273117
2026.4740437158325,516.5354357520686
2026.4767759562696,523.7729732146163
2026.4795081967068,531.0180413604088
2026.482240437144,538.2706600117137
2026.484972677581,545.5308490680113
2026.4877049180182,552.798628506396
2026.4904371584553,560.0740183819803
2026.4931693988924,567.3570388283018
2026.4959016393295,574.647710057732
2026.4986338797667,581.9460523618885
2026.5013661202038,589.2520861120489
2026.504098360641,596.5658317595704
2026.506830601078,603.8873098363065
2026.5095628415152,611.2165409550322
2026.5122950819523,618.5535458098698
2026.5150273223894,625.8983451767166
2026.5177595628265,633.250959913676
2026.5204918032637,640.6114109614908
2026.5232240437008,647.9797193439831
2026.525956284138,657.4950743873123
2026.528688524575,667.7258642031134
2026.5314207650122,677.9676285864234
2026.5341530054493,688.2203971326958
2026.5368852458864,698.484199555578
2026.5396174863236,708.75906568754
2026.5423497267607,719.0450254805103
2026.5450819671978,729.3421090065117
2026.547814207635,739.6503464583071
2026.550546448072,749.9697681500443
2026.5532786885092,760.3004045179077
2026.5560109289463,770.6422861207744
2026.5587431693834,780.9954436408746
2026.5614754098206,791.359907884455
2026.5642076502577,801.7357097824494
2026.5669398906948,812.1228803911503
2026.569672131132,822.5214508928893
2026.572404371569,832.9314525967181
2026.5751366120062,843.3529169390963
2026.5778688524433,853.7858754845831
2026.5806010928804,864.2303599265346
2026.5833333333176,877.6237887886797
2026.5860655737547,892.341414963973
2026.5887978141918,907.0753814794879
2026.591530054629,921.8257336307819
2026.594262295066,936.5925168995034
2026.5969945355032,951.3757769544065
2026.5997267759403,966.1755596523856
2026.6024590163775,980.9919110395025
2026.6051912568146,995.8248773520324
2026.6079234972517,1010.6745050175127
2026.6106557376888,1025.5408406557972
2026.613387978126,1040.4239310801204
2026.616120218563,1055.323823298169
2026.6188524590002,1070.240564513155
2026.6215846994373,1085.17420212491
2026.6243169398745,1100.1247837309697
2026.6270491803116,1115.0923571276799
2026.6297814207487,1130.0769703113035
2026.6325136611858,1145.0786714791361
2026.635245901623,1160.097509030629
2026.63797814206,1175.8499228260573
2026.6407103824972,1197.3578805793345
2026.6434426229343,1218.8905318514044
2026.6461748633715,1240.447946966612
2026.6489071038086,1262.0301965463466
2026.6516393442457,1283.637351510708
2026.6543715846828,1305.2694830801975
2026.65710382512,1326.9266627774145
2026.659836065557,1348.6089624287706
2026.6625683059942,1370.3164541662068
2026.6653005464314,1392.0492104289312
2026.6680327868685,1413.807303965166
2026.6707650273056,1435.5908078339053
2026.6734972677427,1457.3997954066908
2026.6762295081799,1479.2343403693944
2026.678961748617,1501.0945167240125
2026.681693989054,1522.9803987904827
2026.6844262294912,1544.8920612085017
2026.6871584699284,1566.829578939366
2026.6898907103655,1588.793027267816
2026.6926229508026,1610.82505966673
2026.6953551912397,1642.841246825237
2026.6980874316769,1674.8954749636496
2026.700819672114,1706.9878554739084
2026.7035519125511,1739.1185002320694
2026.7062841529882,1771.287521601115
2026.7090163934254,1803.495032433783
2026.7117486338625,1835.741146075414
2026.7144808742996,1868.025976366824
2026.7172131147368,1900.349637647195
2026.7199453551739,1932.7122447569832
2026.722677595611,1965.1139130408608
2026.7254098360481,1997.5547583506616
2026.7281420764853,2030.0348970483678
2026.7308743169224,2062.554446009099
2026.7336065573595,2095.11352262414
2026.7363387977966,2127.712244803978
2026.7390710382338,2160.3507309813754
2026.741803278671,2193.029100114448
2026.744535519108,2225.747471689787
2026.7472677595451,2264.2909235218535
2026.7499999999823,2312.92827082579
2026.7527322404194,2361.625474183231
2026.7554644808565,2410.3827139626947
2026.7581967212936,2459.2001713399627
2026.7609289617308,2508.0780283028853
2026.763661202168,2557.0164676562567
2026.766393442605,2606.0156730266954
2026.7691256830421,2655.075828867589
2026.7718579234793,2704.1971204640554
2026.7745901639164,2753.3797339379516
2026.7773224043535,2802.62385625292
2026.7800546447907,2851.929675219463
2026.7827868852278,2901.297379500077
2026.785519125665,2950.727158614403
2026.788251366102,3000.2192029444204
2026.7909836065392,3049.7737037397
2026.7937158469763,3099.3908531226675
2026.7964480874134,3149.070844093928
2026.7991803278505,3203.6592846714816
2026.8019125682877,3279.134176859035
2026.8046448087248,3354.7051827532187
2026.807377049162,3430.3726002261947
2026.810109289599,3506.1367285221118
2026.8128415300362,3581.997868265554
2026.8155737704733,3657.9563214700324
2026.8183060109104,3734.012391546556
2026.8210382513475,3810.1663833122675
2026.8237704917847,3886.418602999137
2026.8265027322218,3962.7693582627303
2026.829234972659,4039.21895819104
2026.831967213096,4115.767713313408
2026.8346994535332,4192.415935609471
2026.8374316939703,4269.16393851822
2026.8401639344074,4346.012036947113
2026.8428961748446,4422.960547281258
2026.8456284152817,4500.009787392668
2026.8483606557188,4577.160076649583
2026.851092896156,4674.399539043276
2026.853825136593,4794.487827746251
2026.8565573770302,4914.734493109931
2026.8592896174673,5035.140040380522
2026.8620218579044,5155.704977201232
2026.8647540983416,5276.429813627431
2026.8674863387787,5397.315062141971
2026.8702185792158,5518.361237670614
2026.872950819653,5639.568857597557
2026.87568306009,5760.938441781127
2026.8784153005272,5882.470512569562
2026.8811475409643,6004.165594816937
2026.8838797814014,6126.024215899204
2026.8866120218386,6248.046905730385
2026.8893442622757,6370.234196778871
2026.8920765027128,6492.58662408386
2026.89480874315,6615.104725271936
2026.897540983587,6737.789040573769
2026.9002732240242,6875.054296150898
2026.9030054644613,7071.298089706771
2026.9057377048985,7267.809645200172
2026.9084699453356,7464.589841315875
2026.9112021857727,7661.639561029324
2026.9139344262098,7858.959691634595
2026.916666666647,8056.551124772586
2026.919398907084,8254.414756459453
2026.9221311475212,8452.551487115294
2026.9248633879583,8650.962221593005
2026.9275956283955,8849.64786920747
2026.9303278688326,9048.609343764896
2026.9330601092697,9247.847563592453
2026.9357923497068,9447.363451568117
2026.938524590144,9647.157935150817
2026.941256830581,9847.231946410755
2026.9439890710182,10047.586422060034
2026.9467213114553,10248.222303483532
2026.9494535518925,10496.986025855376
2026.9521857923296,10827.981394244352
2026.9549180327667,11159.444394120223
2026.9576502732039,11491.376605414116
2026.960382513641,11823.779616004602
2026.963114754078,12156.655021771077
2026.9658469945152,12490.004426647587
2026.9685792349524,12823.829442677135
2026.9713114753895,13158.131690066373
2026.9740437158266,13492.91279724082
2026.9767759562637,13828.174400900545
2026.9795081967009,14163.918146076312
2026.982240437138,14500.145686186159
2026.9849726775751,14836.858683092527
2026.9877049180122,15174.058807159847
2026.9904371584494,15511.747737312571
2026.9931693988865,15849.927161093821
2026.9959016393236,16188.598774724403
2026.9986338797607,16761.146987757606
2027.0013661201979,17339.90079984858
2027.004098360635,17919.502022195775
2027.0068306010721,18499.95360518427
2027.0095628415093,19081.258514501624
2027.0122950819464,19663.419731243892
2027.0150273223835,20246.44025202251
2027.0177595628206,20830.323089072095
2027.0204918032578,21415.071270359233
2027.0232240436949,22000.687839692175
2027.025956284132,22587.175856831527
2027.0286885245691,23174.538397601897
2027.0314207650063,23762.77855400444
2027.0341530054434,24351.899434330517
2027.0368852458805,24941.90416327632
2027.0396174863176,25532.795882058424
2027.0423497267548,26131.901083390298
2027.045081967192,27183.498460618634
2027.047814207629,28236.686543105927
2027.0505464480661,29291.471023723843
2027.0532786885033,30347.85762570978
2027.0560109289404,31405.852102883116
2027.0587431693775,32465.460239863558
2027.0614754098146,33526.687852291056
2027.0642076502518,34589.5407870482
2027.066939890689,35654.02492248427
2027.069672131126,36720.14616864125
2027.0724043715632,37787.910467482085
2027.0751366120003,38857.32379312096
2027.0778688524374,39928.39215205556
2027.0806010928745,41001.12158340143
2027.0833333333117,42075.51815912862
2027.0860655737488,43151.58798430022
2027.088797814186,44672.152690212075
2027.091530054623,46679.9530629294
2027.0942622950602,48690.90020070567
2027.0969945354973,50705.005709990815
2027.0997267759344,52722.281261070944
2027.1024590163715,54742.73858853708
2027.1051912568087,56766.38949175819
2027.1079234972458,58793.24583535889
2027.110655737683,60823.31954970144
2027.11338797812,62856.62263137208
2027.1161202185572,64893.167143671715
2027.1188524589943,66932.96521711178
2027.1215846994314,68976.0290499139
2027.1243169398685,71022.37090851497
2027.1270491803057,73072.00312807641
2027.1297814207428,75124.93811299832
2027.13251366118,77887.8588394912
2027.135245901617,81938.19106894915
2027.1379781420542,85995.09247253674
2027.1407103824913,90058.58799950167
2027.1434426229284,94128.70274045567
2027.1461748633656,98205.46192844425
2027.1489071038027,102288.89094002642
2027.1516393442398,106379.01529636492
2027.154371584677,110475.86066432678
2027.157103825114,114579.45285759421
2027.1598360655512,118689.81783778573
2027.1625683059883,122806.98171558867
2027.1653005464254,126930.9707519027
2027.1680327868626,131061.81135899316
2027.1707650272997,135199.53010165683
2027.1734972677368,139344.15369839824
2027.176229508174,146437.09123140565
2027.178961748611,155179.74133783573
2027.1816939890482,163937.07833984288
2027.1844262294853,172709.1597268646
2027.1871584699225,181496.0433242169
2027.1898907103596,190297.78729571452
2027.1926229507967,199114.45014631533
2027.1953551912338,207946.09072479513
2027.198087431671,216792.76822644443
2027.200819672108,225654.54219579446
2027.2035519125452,234531.47252936993
2027.2062841529823,243423.6194784646
2027.2090163934195,252331.04365195276
2027.2117486338566,261253.8060191189
2027.2144808742937,270191.9679125225
2027.2172131147308,282955.59971361083
2027.219945355168,303413.23363670154
2027.222677595605,323906.41689723614
2027.2254098360422,344435.2927689782
2027.2281420764793,365000.0053879165
2027.2308743169165,385600.6997591914
2027.2336065573536,406237.5217640975
2027.2363387977907,426910.61816715676
2027.2390710382278,447620.1366232599
2027.241803278665,468366.2256848756
2027.244535519102,489149.03480934276
2027.2472677595392,509968.7143662352
2027.2499999999764,530825.4156447925
2027.2527322404135,551719.2908614334
2027.2554644808506,572650.4931673531
2027.2581967212877,606957.0791123755
2027.2609289617249,660005.5584353373
2027.263661202162,713149.4766681927
2027.266393442599,766389.2302107069
2027.2691256830362,819725.217922093
2027.2718579234734,873157.841141405
2027.2745901639105,926687.5037081421
2027.2773224043476,980314.6119830392
2027.2800546447847,1034039.5748691075
2027.2827868852219,1087862.8038328704
2027.285519125659,1141784.712925828
2027.2882513660961,1195805.7188061634
2027.2909836065332,1249926.2407606398
2027.2937158469704,1304146.7007267738
2027.2964480874075,1358467.5233152094
2027.2991803278446,1364463.143320369
2027.3019125682818,1364463.143320369
2027.3046448087189,1364463.143320369
2027.307377049156,1364463.143320369
2027.3101092895931,1364463.143320369
2027.3128415300303,1364463.143320369
2027.3155737704674,1364463.143320369
2027.3183060109045,1364463.143320369
2027.3210382513416,1364463.143320369
2027.3237704917788,1364463.143320369
2027.3265027322159,1364463.143320369
2027.329234972653,1364463.143320369
2027.3319672130901,1364463.143320369
2027.3346994535273,1364463.143320369
2027.3374316939644,1364463.143320369
2027.3401639344015,1364463.143320369
