time,cumulative_progress,automation_fraction,progress_rate,software_progress_rate,coding_labor,research_stock,research_effort,experiment_capacity,human_only_progress_rate,ai_labor_contribution,human_labor_contribution,ai_software_progress_multiplier
# AC Level Reached at:,Time: 2030.3113,Progress Level: 30.4104

2012.0,0.0,7.116700631805649e-06,1.8217635319049834,1.1685510181049834,13.369375108479275,0.05820953706788595,0.048003807032466934,0.04800380703246382,1.8217471509051693,0.0035014484792732503,13.365873660000002,1.000044893615312
2012.1,0.1821722576831408,7.750891297640738e-06,1.8216824111400434,1.1684698973400434,13.72481624453626,0.06321491053816213,0.05212798213337799,0.05212798213337461,1.8216656950487287,0.0036291269422612515,13.721187117593999,1.000045325664851
2012.2,0.3643344278628055,8.441556271270396e-06,1.8215495300132396,1.1683370162132396,14.089707214552872,0.06864754046339665,0.05660137429188584,0.05660137429188217,1.8215324745287051,0.0037611174057374797,14.085946097147135,1.000045757690597
2012.3,0.5464799052639367,9.193692462534661e-06,1.821339865339415,1.168127351539415,14.464299252457067,0.07454515923421749,0.06145305779769505,0.061453057797691064,1.8213224665264292,0.003897557525991857,14.460401694931075,1.0000461896768842
2012.4,0.7285986968853857,1.00127175960776e-05,1.8210166647778925,1.1678041509778925,14.848850270734792,0.0809498843589897,0.06671447995939768,0.06671447995939335,1.820998919280416,0.004038588463176396,14.844811682271615,1.0000466216000146
2012.5,0.9106808097243468,1.0904517890123302e-05,1.820599240845795,1.167386727045795,15.243625038615457,0.08790383334602218,0.07241965028503172,0.07241965028502703,1.8205811450649436,0.004184355626525971,15.239440682988931,1.0000470534362855
2012.6,1.092695107892777,1.1875369718329254e-05,1.8199072007178227,1.1666946869178227,15.648895359785781,0.09546869731208864,0.07860534432336089,0.0786053443233558,1.819888753968144,0.004335004217853822,15.644560355567927,1.0000474851118537
2012.7,1.274658969381299,1.2932351835638832e-05,1.8194009415463879,1.1661884277463879,16.064940274395003,0.10365830262265563,0.08531132327032168,0.08531132327031614,1.8193821359080056,0.004490694232416104,16.060449580162587,1.0000479166679348
2012.8,1.4565739956968393,1.4083088489628879e-05,1.8189457280933594,1.1657332142933594,16.492046237888385,0.11253479504205006,0.09258057050450341,0.0925805705044974,1.8189265576325795,0.0046515873171699695,16.487394650571215,1.0000483481083273
2012.9,1.638435596870623,1.5335833761601062e-05,1.8184052537976285,1.1651927399976285,16.93050732003653,0.12216859655224135,0.10045954632369031,0.1004595463236838,1.8183857147682887,0.00481784871173474,16.925689471324795,1.000048779422143
2013.0,1.8202391829322215,1.6699559903975804e-05,1.8177254589161898,1.1645129451161897,17.38062540869915,0.13263012913511452,0.10899846222886779,0.10899846222886073,1.8177055485311606,0.004989648699147864,17.37563576,1.0000492105984982
2013.1,2.001980163912447,1.8184018796009095e-05,1.817091758251589,1.1637007319115893,17.842710417632674,0.1439898147726193,0.11825157619831222,0.11825157619830456,1.817071254543079,0.005167162754695198,17.83754325487798,1.000049641626505
2013.2,2.1836539498421104,1.9799808541701485e-05,1.8163760790396966,1.1628065401596963,18.317080500000852,0.1563180754467136,0.12827751051865363,0.1282775105186453,1.8163550270484237,0.0053505716991111285,18.31172992830174,1.0000500724952797
2013.3,2.365247096650781,2.1558356184608893e-05,1.8155745391100693,1.1618264876900692,18.80406226497665,0.16969756082564014,0.13913959379384666,0.13913959379383764,1.8155529840093738,0.005540059552274101,18.798522205424376,1.000050503172935
2013.4,2.5467442809790493,2.3472032888579587e-05,1.8147004736161065,1.1607739096561063,19.303991004221402,0.18421528855535205,0.1509062289431833,0.15090622894317351,1.8146784604042332,0.005735815252041476,19.29825518896936,1.0000509336231307
2013.5,2.7281848611028314,2.555489971144549e-05,1.8140276840827705,1.1599226075827704,19.817210938150783,0.19992014571711542,0.16365128907467125,0.16365128907466064,1.8140052526116879,0.005938048247941197,19.811272889902842,1.0000513639392097
2013.6,2.90955998868319,2.7821738493409915e-05,1.813362685687696,1.1590790966476963,20.344075425936442,0.21694027751247447,0.177454543239826,0.1774545432398145,1.8133398792792859,0.006146961681309904,20.337928464255132,1.0000517941001887
2013.7,3.0908608153811876,3.028859637238893e-05,1.8126058293160443,1.1581437277360442,20.88494722099948,0.23540382914298533,0.19240211427753207,0.1924021142775196,1.8125826932043045,0.00636276477312947,20.87858445622635,1.0000522240850789
2013.8,3.2720784928566475,3.297289079296873e-05,1.8117281267562884,1.1570875126362885,21.44019872075239,0.25543894581007665,0.20858697104455876,0.20858697104454524,1.8117047068278231,0.006585672998191683,21.4336130477542,1.0000526538728987
2013.9,3.453204172771044,3.589352284641354e-05,1.8107523256812836,1.1559331990212836,22.01021222299284,0.2771737727153527,0.2261094575179818,0.22610945751796716,1.8107286674727425,0.006815908263956061,22.003396314728885,1.0000530834426589
2014.0,3.634229006784203,3.907099955992844e-05,1.8097374746229171,1.1547398354229172,22.5953801890943,0.30073645506022717,0.245077861417982,0.2450778614179661,1.8097136225408401,0.007053699094303312,22.588326489999996,1.0000535127733776
2014.1,3.81512210045987,4.252712647931276e-05,1.8083920338364283,1.1536384444564283,23.19610550637837,0.326311654861228,0.2656661143336694,0.26566611433365217,1.8083673505122686,0.007299273741928403,23.18880623263644,1.0000539417917802
2014.2,3.995895981819227,4.6286375631104465e-05,1.8071687096703908,1.152659170110391,23.812801788358062,0.3539860555094434,0.28795254529932574,0.2879525452993071,1.8071432784221477,0.007552881014547097,23.805248907343515,1.0000543705275804
2014.3,4.1765611494849475,5.0375347854545066e-05,1.8060432559974133,1.1517777662574131,24.44589364376926,0.3839329517039293,0.3120742505652705,0.31207425056525023,1.806017160438741,0.007814776950592517,24.438078866818667,1.0000547990056767
2014.4,4.357109477207022,5.482252339640849e-05,1.804871122699993,1.1508496827799932,25.095816963819072,0.416384280425401,0.3381791167322097,0.33817911673218776,1.8048444494691904,0.008085219218301631,25.08773174460077,1.000055227206796
2014.5,4.537532838733797,5.9658784408055996e-05,1.8035877121964077,1.1498103220964078,25.763019228096095,0.45157197865428933,0.36642664455791785,0.3664266445578941,1.8035605493789983,0.00836447315193567,25.75465475494416,1.0000556551116664
2014.6,4.71782310781485,6.491761060148757e-05,1.8021880896837228,1.1486547494037225,26.447959812657164,0.4897279833712431,0.3969888333633894,0.39698883336336366,1.802160525545917,0.008652811970666363,26.439307000686497,1.0000560827010119
2014.7,4.8979721581997575,7.063529006845953e-05,1.8007103821945338,1.147421091734534,27.151110306289368,0.5310842315569383,0.4300511302976971,0.4300511302976692,1.800682504185295,0.008950517003267322,27.1421597892861,1.0000565099555627
2014.8,5.077971863636869,7.685114635412584e-05,1.799222281753464,1.146177041113464,27.872954835179325,0.5758726601917654,0.46581344900009203,0.46581344900006183,1.7991941757381915,0.009257877919175428,27.86369695726015,1.000056936856044
2014.9,5.257789462885685,8.360681788019372e-05,1.7975363943848932,1.1447352035648934,28.613990386475603,0.6244745625583469,0.5044912624845804,0.5044912624845477,1.7975081507631927,0.00957518321163775,28.604415203263965,1.0000573633247574
2015.0,5.437472120615231,9.095055317276343e-05,1.7960935838954986,1.1435364428954986,29.37472719164559,0.6769563542945246,0.5463167754758637,0.5463167754758282,1.7960652822871253,0.009902761645587788,29.364824430000002,1.0000577894735596
2015.1,5.617015511240879,9.893282298311942e-05,1.7947017233915226,1.1420641302615226,30.15568902796,0.7337269167385567,0.5913693348866399,0.5913693348866016,1.7946729120459601,0.010240931921131846,30.14544809603887,1.0000582152921946
2015.2,5.796414958813292,0.00010760832992993224,1.793265251146103,1.140547205886103,30.957413595944672,0.7951970890395643,0.6400617936803744,0.6400617936803329,1.793235935787164,0.01059002213765936,30.946823573807013,1.0000586407695702
2015.3,5.97566578738191,0.00011703636882309287,1.7917475528611786,1.1389490554711788,31.78045289201899,0.861777710346244,0.6926812204932544,0.6926812204932095,1.7917177402008946,0.010950370206316506,31.769502521812672,1.0000590658945963
2015.4,6.154763320997803,0.000127281201861406,1.790160876448352,1.137281926928352,32.62537358779229,0.9338796198078763,0.7495366842614267,0.7495366842613781,1.7901305729590928,0.01132232413426948,32.61405126365802,1.0000594906561835
2015.5,6.333702883710412,0.00013841246338904675,1.7885521001752573,1.1355926985252573,33.492757420192454,1.0119136565731097,0.8109608829431765,0.8109608829431239,1.7885213111353329,0.011706242317110593,33.481051177875344,1.0000599150432412
2015.6,6.512473249068116,0.00015050513451173153,1.7868634128717698,1.1338235590917698,34.38320158887835,1.09641427108408,0.8773118877890451,0.8773118877889883,1.786832145164659,0.012102490723037818,34.37109909815531,1.0000603390291443
2015.7,6.6910742968333325,0.00016364116594614687,1.7852409302333636,1.1321206243233635,35.29731917560723,1.187758689944876,0.9489750109527679,0.9489750109527064,1.7852091867462758,0.012511451411633345,35.284807724195595,1.0000607626136062
2015.8,6.869522999188838,0.00017791082077157777,1.7837797203794254,1.1305789623394256,36.23573957002259,1.2863732295346564,1.026364804673185,1.0263648046731184,1.7837475011555068,0.012933526552238561,36.22280604347035,1.0000611858368793
2015.9,7.047824276251627,0.0001934112239746105,1.7823287635121283,1.1290475533421283,37.19910888913683,1.3929912966691878,1.1099272007631449,1.109927200763073,1.7822960726932555,0.01336912490341291,37.18573976423342,1.000061608710633
2016.0,7.225983048137071,0.0002102477975236126,1.7808125751208412,1.1274509128208412,38.18809042776924,1.508346298163301,1.2001417997889285,1.2001417997888508,1.7807794190184043,0.013818667769236015,38.17427176,1.0000620312465351
2016.1,7.404004234961757,0.0002285349699627583,1.7795833966187211,1.1258755943787215,39.203365115313844,1.6331716408325425,1.297645582960042,1.2976455829599578,1.77954890154982,0.01428258938143756,39.189082525932406,1.000062453456254
2016.2,7.581892756842274,0.0002483969469548247,1.7782927410321274,1.1242387988521272,40.24574506147653,1.7682007314925468,1.4028912060674237,1.4028912060673326,1.778256823936177,0.014874414360058097,40.230870647116475,1.0000643328845227
2016.3,7.759653533893994,0.0002699685480366083,1.7769960554055149,1.1225959732855149,41.31748301332043,1.9141669769580139,1.516481642390157,1.5164816423900587,1.77695515260121,0.017129733707285766,41.30035327961314,1.0000718780081164
2016.4,7.937272657683792,0.00029339352740982553,1.7755551643658003,1.1208089423058,42.417752322133616,2.072183753507604,1.6390556885662073,1.639055688566101,1.7755094095565505,0.01948567802832457,42.39826664410529,1.0000794171591443
2016.5,8.114763491530304,0.0003188313246534259,1.7742957108790005,1.1192033488790005,43.54731376718177,2.2425923561918375,1.771304378871627,1.7713043788715122,1.7742452223089988,0.021947234496678902,43.52536653268509,1.0000869509047279
2016.6,8.29213090981632,0.0003464539040926936,1.7731146610375095,1.1176761590975097,44.70694815468195,2.4265280650802628,1.9139701646894045,1.9139701646892804,1.7730595568925143,0.024519325531407787,44.682428829150545,1.0000944794516815
2016.7,8.469374903194826,0.0003764470356041031,1.771899600261326,1.116114958381326,45.89745690476731,2.6252844697182662,2.0678505885550877,2.0678505885549536,1.771840001332393,0.027206861658534365,45.870250043108776,1.000102002799524
2016.8,8.646495462317597,0.00040901211098067907,1.7706018320416517,1.114471050221652,47.11966267045478,2.840155159649864,2.2338022079120985,2.2338022079119537,1.7705378603936457,0.030014812178407624,47.08964785827637,1.0001095209477748
2016.9,8.823492577838024,0.00044436744063508103,1.7692202633343734,1.112743341574373,48.37440991899094,3.0724337244209563,2.4127447841988157,2.4127447841986593,1.769152040554744,0.03294822360749805,48.341461695383444,1.0001170338959562
2017.0,9.000366240407887,0.0004827496561220571,1.7677882088556625,1.1109651471556625,49.66256552618852,3.323413753575407,2.6056657542225166,2.605665754222348,1.7677158540748006,0.036012236188526,49.62655329,1.0001245416435876
2017.1,9.177111461809377,0.0005244140039967171,1.766905033795462,1.1095753944554625,50.98637435663982,3.594575519287451,2.8147400162838765,2.814740016283694,1.7668231999731514,0.04056707084294686,50.945807285796874,1.0001366188918526
2017.2,9.353742717855573,0.0005696419799428536,1.7659507519859996,1.1081145350059993,52.345695780978794,3.8875727654896663,3.04016419754848,3.040164197548283,1.7658592694189301,0.045563937554760514,52.30013184342403,1.0001494362995247
2017.3,9.530299237336681,0.0006187467809315183,1.765130026284254,1.1067872316642542,53.74125535146093,4.203357466626719,3.283177201695793,3.2831772016955805,1.7650291408241707,0.05079608570022032,53.69045926576071,1.00016224839924
2017.4,9.706773777461812,0.0006720561700844014,1.764300470599042,1.1054510983390413,55.17401894161581,4.544187798828595,3.545109585611155,3.545109585610925,1.7641904380758415,0.05627230192093435,55.11774663969488,1.0001750546652612
2017.5,9.883159095438472,0.0007299249913484524,1.7633885855231655,1.1040326356231656,56.64497815788817,4.9123219382222905,3.8273888786879393,3.827388878687691,1.7632696690875704,0.062001662941845836,56.58297649494632,1.0001878545718317
2017.6,10.059447948475372,0.0007927373283350919,1.76237618480079,1.1025136572607903,58.15684678193433,5.310018060937089,4.131557810165731,4.131557810165463,1.7622455891299844,0.06968930148158847,58.08715748045274,1.0002056535416386
2017.7,10.235633093781217,0.0008609088257346499,1.7612777361898218,1.1009086310098215,59.709144597023084,5.739534343102544,4.459249714403558,4.459249714403269,1.7611355354427647,0.07781953831970156,59.63132505870338,1.0002236743057549
2017.8,10.411707288563518,0.0009348891843826297,1.7601378211103405,1.0992621382903407,61.30287161740208,6.203128960845247,4.812225141126991,4.812225141126679,1.7599842265345294,0.08632939887210256,61.21654221852998,1.0002416839494694
2017.9,10.588035879132008,0.0010153419329156936,1.7588968105495693,1.0975145500895689,62.940044246400156,6.703818754253661,5.192379281958296,5.192379281957959,1.758730485047298,0.09614403951834305,62.84390020688181,1.0002621654090345
2018.0,10.763939063067848,0.0011024915969978513,1.7577273657669399,1.09583852766694,64.62196233369644,7.243398602406579,5.6017382010309875,5.601738201030624,1.7575467547134926,0.10744305369647122,64.51451927999997,1.0002853624856378
2018.1,10.93895724580334,0.0011966176113318173,1.7473895427152886,1.09481716570528,66.34878083992554,7.824977410361447,6.04586643216542,6.045866432165028,1.7465438394627046,0.11923136593370032,66.22954947399184,1.0003084432287035
2018.2,11.113049774695241,0.001298207646911456,1.7369806267847925,1.0937247108647967,68.12323104024239,8.452525274678262,6.524216438652088,6.524216438651665,1.7356171951485846,0.13305964191042108,67.99017139833197,1.0003352707854318
2018.3,11.286175997099125,0.0014077746135679383,1.7264506158837913,1.0925111610537872,69.94559297943937,9.13001229191269,7.0393263887329764,7.03932638873252,1.7247162178198274,0.14799593267713362,69.79759704676223,1.0003632155917632
2018.4,11.458295260372138,0.0015258568879560563,1.7157965096582206,1.0911735159182292,71.81770768923745,9.861408558626348,7.593930643551028,7.593930643550536,1.7138348310739144,0.1646370570019542,71.6530706322355,1.0003935558075032
2018.5,11.629366911869862,0.0016530183910985707,1.7050469929938186,1.0897404603438186,73.74092784997451,10.65068417137443,8.190953117778692,8.190953117778161,1.702999535367855,0.18305840658810268,73.55786944338641,1.0004262173602927
2018.6,11.799350298949053,0.0017898484946484315,1.6942537932427113,1.0882637216827027,75.71683822769197,11.501809226717047,8.833527583038022,8.83352758303745,1.6922596038519588,0.20353350385965996,75.5133047238323,1.00046157038075
2018.7,11.968309518506528,0.0019370566438842117,1.683645901255526,1.0869722907855301,77.74654960266393,12.416888976905899,9.525003169582412,9.525003169581794,1.6818423259588375,0.22582702785614117,77.52072257480779,1.0004988124415093
2018.8,12.136112977606409,0.0020952161192742476,1.6727140677014352,1.0853569183214309,79.83260515696311,13.406673119257427,10.268983527271565,10.2689835272709,1.6712349442903274,0.251100275170387,79.58150488179272,1.0005402112832973
2018.9,12.302780242261,0.002265058792238569,1.6617129311741459,1.0836722428841543,81.97566116002056,14.473992420711287,11.069299752244769,11.069299752244051,1.6606912660821869,0.27859089420108774,81.69707026581948,1.000583763106031
2019.0,12.468333868514387,0.002447363946759272,1.6508672587967044,1.0821430315967042,84.17763980235335,15.6215597272884,11.93006798462659,11.930067984625817,1.6504334320977998,0.30876474235336104,83.86887506,1.0006301558148571
2019.1,12.632796412411789,0.0026429583779646456,1.6391959070622435,1.070096544552244,86.44098837672033,16.852087885016868,12.726545506613544,12.726545506612718,1.6387275194834405,0.34257406248933364,86.098414314231,1.0006809536443928
2019.2,12.796190429998422,0.002852719146522969,1.628194841427646,1.0587203436076456,88.76698516472685,18.168289739925555,13.574666327169192,13.574666327168313,1.6276897476274736,0.379762346700673,88.38722281802617,1.0007352150321105
2019.3,12.958538477318381,0.0030775764942980077,1.6179673836634447,1.048117750533445,91.15756915306976,19.572878138034245,14.477668425975079,14.47766842597414,1.6174231390455258,0.42069298981550673,90.73687616325425,1.0007932376720576
2019.4,13.119900355766443,0.003318574674148663,1.6085201523045285,1.0382953838645281,93.61478758386619,21.069973435561923,15.438985843777404,15.438985843776402,1.6079339917102025,0.46579575710731547,93.14899182675887,1.000855391373164
2019.5,13.280334108462835,0.003576832446655029,1.599786849664549,1.029186945914549,96.14073071311668,22.665290939766393,16.462258803592686,16.46225880359162,1.5991557590789158,0.5155004293470569,95.62523028376962,1.000921987351039
2019.6,13.439861840362246,0.0038534870634277553,1.5917287678612817,1.020753728801282,98.73752916313562,24.36439207171546,17.551345375669317,17.55134537566818,1.591049507798795,0.5702330121414718,98.16729615099415,1.0009932758673634
2019.7,13.598579067294313,0.004149888409314477,1.5842213246859926,1.0128711503159924,101.4073863777536,26.175409975449085,18.710334490953827,18.710334490952615,1.583490488877467,0.6304470177109778,100.77693936004262,1.0010695040469826
2019.8,13.756581305087591,0.004467504373405297,1.577180402684407,1.005455093004407,104.15319162051767,28.106477794994746,19.943572708005078,19.943572708003785,1.5763937202434402,0.6972352584737251,103.45595636204395,1.0011519210751065
2019.9,13.913964069572073,0.004807932982356111,1.5705509444341477,0.9984504994441473,106.97681632432536,30.165728674396966,21.255641507836025,21.255641507834646,1.5697045342801612,0.7706249599792727,106.20619136434608,1.0012399095271909
2020.0,14.070822876576317,0.005172915863655329,1.5643016650279322,0.9918260847279323,109.88100630896732,32.36129575768209,22.651412357072022,22.651412357070555,1.563391118233258,0.8514687089673174,109.0295376,1.0013341735880619
2020.1,14.22725324192996,0.005564353192992909,1.5621773846438867,0.9859592032438901,112.86865674097537,34.70131218889037,24.14563884027675,24.145638840275183,1.5610901538601891,0.9407181105694207,111.92793863040595,1.001435459871511
2020.2,14.383410316314343,0.005984486619332767,1.5599950134321925,0.9800342309321908,115.94263976383436,37.20967705300026,25.735404789425832,25.735404789424162,1.5587488993631724,1.0392500786094843,114.90338968522488,1.0015442988963537
2020.3,14.539341966948589,0.006435479608033324,1.5584252247637234,0.9747218411637251,119.10582835281055,39.87103565721499,27.426606279595706,27.426606279593926,1.5570371470504496,1.1478893189255501,117.957939033885,1.0016610491578393
2020.4,14.695087092229734,0.0069196435919702155,1.5573920158737746,0.9699460311737712,122.36150129811193,42.69534093878149,29.225497579292647,29.225497579290753,1.5558784165203012,1.2678119018299725,121.09368939628196,1.001786483520979
2020.5,14.850700060385181,0.007439527546752339,1.5566936322711138,0.9655050464711137,125.71302189778692,45.69956997496408,31.138703003143824,31.138703003141806,1.5550707100936538,1.4002225075738863,124.31279939021303,1.0019212891340499
2020.6,15.0062352396434,0.007997896023279534,1.5561868911100092,0.9612557042100127,129.16384515241202,48.90069984304608,33.173237827324684,33.17323782732253,1.5544706299404596,1.5463601350149503,127.61748501739707,1.0020660787412166
2020.7,15.16174699823286,0.008597749067894879,1.5557754335453822,0.9571016455453805,132.71782028996898,52.315707620312615,35.33654012753829,35.336540127536004,1.5539813576445771,1.7077991010426956,131.0100211889263,1.0022217826467115
2020.8,15.31728970438097,0.009242344068759331,1.5553997371893846,0.9529833480893863,136.37889177420075,55.96157038402531,37.63648556359745,37.63648556359501,1.5535429593883099,1.886148482933919,134.49274329126683,1.002389220993904
2020.9,15.472917726316549,0.009935219714401684,1.5550293930457726,0.9488704028457693,140.151376252843,59.855265211477914,40.081421685077295,40.081421685074694,1.5531244223335103,2.0833274588731854,138.0680487939698,1.0025694462340438
2021.0,15.628685432267007,0.010680222266690294,1.5546561943089774,0.9447546030089775,144.03963022026653,64.01376917992988,42.68018309329217,42.68018309328941,1.5527170458883954,2.301231320266538,141.7383989,1.0027633046774067
2021.1,15.78464719046081,0.011481534367771428,1.5600960091837837,0.9482419027937853,152.94550236768566,68.45405936666685,45.80914729514828,45.80914729514531,1.5579622025111206,2.626192542158094,150.31930982552757,1.002971906608448
2021.2,15.940923418482436,0.012344084376424756,1.5651848961151584,0.9513782746351576,162.41754166495582,73.22475061942137,49.16374855260214,49.163748552598946,1.5628485484191734,2.9978284341894152,159.4197132307664,1.003196959263006
2021.3,16.097696729497272,0.01327369767983108,1.5702463449341701,0.9544872083641712,172.49380338925295,78.32509987049139,52.760017094454724,52.76001709445131,1.5676977757439776,3.4227439486885487,169.0710594405644,1.003439591440838
2021.4,16.25496063758741,0.014275638974944937,1.57524243048754,0.9575307788275385,183.21561782112758,83.78107108523061,56.61512998580485,56.615129985801175,1.5724705412892739,3.90891502345832,179.30670279766926,1.0037014284627501
2021.5,16.41270039921558,0.015355517515538493,1.580049846477602,0.9603856797276021,194.6271847919676,89.62901690838571,60.74746595868076,60.74746595867683,1.577042516021849,4.465167859260049,190.16201693270756,1.00398390121761
2021.6,16.570901270845596,0.016519356207052978,1.5845940404370449,0.9629773585970466,206.7765302795297,95.90528998474007,65.17671937026928,65.17671937026506,1.5813377233766126,5.102013266519464,201.67451701301025,1.0042888893533073
2021.7,16.729548508941267,0.017773617680635293,1.5888398237236832,0.9652706267936823,219.71496379287126,102.64624295908095,69.92395852857008,69.92395852856555,1.5853196982469986,5.830974400661603,213.88398939220966,1.004617957928868
2021.8,16.888627369965317,0.0191252312146628,1.5927842227617832,0.967262510741784,233.49836970687497,109.88822847614918,75.0117651983748,75.01176519836994,1.588983724397123,6.665740598014537,226.83262910886043,1.0049731733074168
2021.9,17.048123110381926,0.020581620376869062,1.5964492249537745,0.9689749978437726,248.18693604586454,117.66759918074926,80.46431555252312,80.4643155525179,1.5923499801312824,7.621750336275284,240.56518570958926,1.0053565450647635
2022.0,17.208020986653818,0.022150731223131243,1.5998760154103517,0.9704492732103519,263.84600523423507,126.0207077176173,86.30751473665293,86.30751473664733,1.5954575178462347,8.716887334235139,255.12911789999993,1.0057703517163523
2022.1,17.368306255244804,0.02384106084636909,1.6045856306077333,0.9736589683077348,280.54642822257114,134.98390673154174,92.75187967507789,92.75187967507188,1.5997641566738214,9.971670646446285,270.57475757612485,1.0062170113490343
2022.2,17.528976768646466,0.025661833951888723,1.608947737036956,0.9765211546369553,298.36506818002323,144.62735808254845,99.67034618294929,99.67034618294282,1.603694375312572,11.40958446262158,286.95548371740165,1.0066991048717238
2022.3,17.690084815949152,0.027623614337333475,1.613221435560897,0.9792949330608975,317.3862333088722,154.96447089632107,107.09754187967465,107.0975418796677,1.607502982512981,13.058326400150008,304.3279069087222,1.007219788302791
2022.4,17.85161553911417,0.029736947773815494,1.6173644126321194,0.9819379900321181,337.7012061353699,166.05292986468004,115.07062268219529,115.07062268218783,1.6111448497084688,14.949141168159144,322.75206496721074,1.0077820952010033
2022.5,18.013547453449757,0.03201297834862827,1.6212963008638237,0.9843699581638238,359.4095357350159,177.9630631137664,123.62949095944226,123.62949095943425,1.614536921281951,17.117905306826742,342.29163042818914,1.0083892660396654
2022.6,18.175859074265265,0.03446354491330045,1.6249799936899443,0.9865537308899456,382.6202907304232,190.76519876979583,132.81702570268288,132.81702570267427,1.6176389194861767,19.606160137359268,363.01413059306395,1.0090449163708002
2022.7,18.338528916870043,0.037101202514523486,1.6284127708601215,0.9884865879601209,407.45261254669936,204.52966495899213,142.67929203829613,142.6792920382869,1.6204446284825464,22.461431648099506,384.99118089859985,1.0097528033489094
2022.8,18.501535496572327,0.039939240460719075,1.6316189224027684,0.9901928194027692,434.0374130781538,219.32678980748418,153.26581977033268,153.26581977032274,1.6229742887938405,25.738680663711932,408.2987324144419,1.0105170756962503
2022.9,18.66485732868184,0.042991696142222854,1.63464294305306,0.9917169199530588,462.5180163859391,235.22690144153097,164.62984468367608,164.6298446836654,1.6252679914198338,29.500682061155544,433.0173343247836,1.0113419908115044
2023.0,18.828472928506816,0.04627336360858157,1.6375442940585891,0.9931183508585891,493.05287256879114,252.3003279872517,176.82866970006705,176.8286697000556,1.6273800125053453,33.82046026879101,459.23241230000014,1.0122323976309402
2023.1,18.99237582505746,0.04980013028462414,1.6407884604629943,0.9956252846729949,525.8160591430025,270.70231058587314,190.2049161473288,190.20491614731645,1.6297315601443323,38.78149543197543,487.03456371102703,1.01319327305121
2023.2,19.15661860151801,0.053590144382263304,1.6440589353415902,0.9981585269615898,561.00209802643,290.4287032914854,204.5845884088824,204.58458840886914,1.6320325440101753,44.482227268122074,516.5198707583079,1.014230634519588
2023.3,19.32118387108756,0.05766101910281603,1.6472255187580362,1.0005878777880366,598.8244991761402,311.61586011030283,220.04355278016897,220.0435527801547,1.6341480583697496,51.03426668159352,547.7902324945467,1.015350288876859
2023.4,19.48605377438419,0.062031157901875314,1.6502089249963658,1.0028340514363652,639.5207068472376,334.4018779283201,236.66369319805176,236.6636931980364,1.6359933455539224,58.56698985678065,580.953716990457,1.016558629864531
2023.5,19.651210452024472,0.06671973565979598,1.6529763383894438,1.0048642322394437,683.3545671725589,358.9248536313315,254.53339934968236,254.53339934966584,1.6375293813910106,67.22963236305952,616.1249348094993,1.0178624553438915
2023.6,19.816636044626105,0.07174665631975476,1.6555317878270013,1.0066824490870019,730.6196736997842,385.3228841052846,273.7481274009141,273.74812740089635,1.6387532079042932,77.19423860570873,653.4254350940755,1.0192689517077254
2023.7,19.982312692806786,0.07713249486765109,1.6579079695701822,1.0083213982401817,781.6440188803068,413.734066236144,294.4110614102972,294.4110614102781,1.6396895482849456,88.65989325008422,692.9841256302226,1.0207858663711007
2023.8,20.148222537183088,0.08289842163462027,1.6601590363865257,1.009835232466526,836.7944602817444,444.29649690967835,316.63379459990387,316.63379459988334,1.6403835761625245,101.85674193859393,734.9377183431504,1.02242145839064
2023.9,20.314361709756998,0.0890666435280146,1.6622827697006728,1.011221733190672,896.4826689009845,477.18217483992726,340.53712475965585,340.5371247596338,1.6408244424390659,117.05146713674117,779.4312017642434,1.0241846183686591
2024.0,20.480721839197685,0.09565970970487825,1.664270217417704,1.012471948317704,961.1713679141162,512.5816168302183,366.2518978561566,366.2518978561328,1.6409942422876067,134.55302581411615,826.6183421000001,1.02608484653237
2024.1,20.647212272182863,0.10269693483939281,1.6655120939455328,1.014559095725532,1031.3760560114267,550.5589965352622,394.19859334654524,394.19859334651966,1.6402383783153165,154.71384135679602,876.6622146546307,1.0281311848129955
2024.2,20.813824236905944,0.11020070656670261,1.6667300358731683,1.0166223085331685,1107.6812271436654,591.3873814717748,424.292687493336,424.2926874933085,1.639298136315988,177.94545978720953,929.7357673564559,1.030334111065104
2024.3,20.98054896155919,0.1181933628858417,1.6678451870698563,1.0185827306098558,1190.7481664462948,635.3398391561904,456.7055141563007,456.7055141562711,1.6380854819612933,204.7257479457728,986.022418500522,1.032704745851352
2024.4,21.147377674336386,0.1266969830029359,1.6688288390618844,1.0204116534818852,1281.3261260170175,682.6894371053296,491.6232922378106,491.6232922377787,1.636561112683819,235.60943540270864,1045.7166906143088,1.0352549012806715
2024.5,21.314301603429797,0.1357331497052989,1.6696917530012656,1.0221198383012655,1380.2649921237496,733.7092428355975,529.2485360731686,529.2485360731342,1.63472375553141,271.2401094114946,1109.024882712255,1.0379969870078305
2024.6,21.481311977032828,0.14532268290843678,1.6704751879980162,1.0237485441780154,1488.531816253553,788.672323863717,569.8017198157875,569.8017198157505,1.6326009612832932,312.36603300264005,1176.165783250913,1.0409441455576287
2024.7,21.64840002333888,0.15548534472133566,1.6712431227443512,1.0253617498043515,1607.2290389782338,847.8517477064473,613.5230586757929,613.5230586757531,1.6302412357301548,359.85761273283765,1247.3714262453962,1.044110228658215
2024.8,21.815661900921857,0.16624645606075336,1.6718790406351967,1.0268429385751963,1737.6374528250576,911.6969934685291,660.6758030124155,660.6758030123726,1.6275172646226017,414.74955966370976,1322.8878931613478,1.0475119768374979
2024.9,21.982982037588204,0.17761637072258987,1.6725881858286078,1.0283973546486087,1881.1836576981736,980.4094847684776,711.544904050379,711.5449040503329,1.6246133652922405,478.20749434262643,1402.9761633555472,1.0511627458508823
2025.0,22.150115126593406,0.18959225866750207,1.6735798956243806,1.0302343353243806,2039.4576515194494,1054.1624727397314,766.4387064048202,766.4387064047705,1.621717949664799,551.5446355194492,1487.9130160000002,1.0550728221238195
2025.1,22.317024305887223,0.20218132137351932,1.6696633864930424,1.0313896109830378,2214.321758604073,1133.496364560877,825.0432999685656,825.0432999685121,1.6134871704323381,636.329772062885,1577.9919865411878,1.059256995806368
2025.2,22.48367271341943,0.21538737666565105,1.665801475364508,1.0325994846445103,2407.914594673152,1218.9515674105517,888.2847614570053,888.2847614569476,1.6050676538709494,734.3902133335523,1673.5243813395996,1.0637304519544464
2025.3,22.650023487138657,0.22921049853543463,1.6619655373558868,1.0338353314258846,2622.6924136291145,1311.0684884668035,956.5564558449711,956.556455844909,1.596418922806952,847.8520603035226,1774.8403533255919,1.0685086920078701
2025.4,22.816039764995047,0.24364668245665747,1.6581682323370348,1.0351098111970394,2861.48177332993,1410.3875349084897,1030.2882425079872,1030.2882425079204,1.5875398261687514,979.1917302820864,1882.2900430478437,1.0736074594956972
2025.5,22.981684684937232,0.25868754750616046,1.6544536488161408,1.0364670124661408,3127.541992073484,1517.4491139135953,1109.9501609706035,1109.9501609705314,1.578458495159028,1131.2972033419871,1996.2447887314968,1.079042758537987
2025.6,23.14692138491498,0.27432008692925625,1.6508888849194836,1.0379740333594791,3424.63656807487,1632.7936326607728,1196.056360407036,1196.0563604069584,1.5692238830790166,1307.538158477445,2117.098409597425,1.0848307327267108
2025.7,23.311760130453514,0.29053120017418776,1.647481899302435,1.0396388325324373,3757.1562547916365,1757.0915833720148,1289.1716577837403,1289.1716577836567,1.5598282270916486,1511.8876879197983,2245.268566871838,1.0909894433052552
2025.8,23.476339668089146,0.3073168621273337,1.6442924025751942,1.041521120595192,4130.326459232786,1890.9871021915635,1389.922245094634,1389.922245094544,1.5503062526895544,1749.1282520409636,2381.1982071918223,1.0975427421145667
2025.9,23.640564694327455,0.3246453650005029,1.641341985734845,1.0436424885448496,4550.043900554286,2035.2207872524111,1498.9844899078953,1498.9844899077982,1.5406648158919005,2024.686807155862,2525.357093398424,1.1045060968808245
2026.0,23.804312580593976,0.34247606287693316,1.6386406469558277,1.0460129345558276,5023.115907923801,2190.610044802191,1617.0966869670028,1617.096686966898,1.53090199729957,2344.872479923802,2678.2434279999993,1.1118931412025932
2026.1,23.967460698315353,0.36076224788852335,1.6286518245546557,1.0438141774446488,5557.423991427553,2357.972281089507,1736.9837060297887,1736.9837060296761,1.513350725840032,2717.038416381654,2840.3855750458993,1.119716484820959
2026.2,24.129886418918236,0.37945153973596707,1.619021985246544,1.0419744034265475,6162.120553970041,2538.1249023630708,1866.3964439293322,1866.3964439292113,1.4959140652847318,3149.776668203617,3012.343885766424,1.127987553641028
2026.3,24.291467113828162,0.3984864222459221,1.6098176662064063,1.0405601496764028,6847.817671590602,2731.885314870352,2006.150503177485,2006.150503177355,1.478645499692702,3653.1050361532434,3194.7126354373586,1.1367164394947493
2026.4,24.452054183321575,0.4178017640424868,1.6011340115949186,1.0396665603549258,7626.769184199405,2940.0066504374295,2157.1296394656615,2157.1296394655214,1.461623996428795,4238.647107151839,3388.122077047566,1.14591019462402
2026.5,24.611568111376858,0.43733708567698537,1.5930616093853136,1.0393842234353137,8513.36194677507,3163.257385737931,2320.3019710225417,2320.301971022391,1.4449195907888535,4920.121327371426,3593.240619403645,1.1555782039420175
2026.6,24.770480842468164,0.4570985226930568,1.5852330431131127,1.0393457224531055,9526.176275974492,3404.0074171149895,2496.8036380182584,2496.8036380180965,1.4281815304486052,5715.3991388698705,3810.7771371046215,1.1657650145008234
2026.7,24.92874707925172,0.47702823906997616,1.577686051547071,1.0395887961770747,10685.85846699227,3663.571747701817,2687.8198029309638,2687.8198029307896,1.4114373847334014,6644.37504663302,4041.4834203592495,1.176486108570374
2026.8,25.086321524382694,0.49706672252855305,1.5704807733545993,1.0401735832745957,12016.772783862021,3943.265380629836,2894.647495322564,2894.647495322376,1.3947329914906499,7730.616010746035,4286.156773115987,1.1877566837130225
2026.9,25.24315888051767,0.5171535181871058,1.5636928208012624,1.0411756960112695,13547.727245557884,4244.403319032924,3118.706641259359,3118.7066412591566,1.3781255059766115,9002.08447706733,4545.642768490554,1.199591699700863
2027.0,25.399213850311817,0.5372279812790359,1.557407765337252,1.042680705837252,15312.851442469235,4568.300566042313,3361.5522424111186,3361.552242410901,1.3616779035041637,10492.013271469239,4820.838170999996,1.2120059287709524
2027.1,25.55444113642137,0.5572300288970514,1.5473207866011744,1.0374534478311699,17352.622146081678,4916.272124791265,3599.4686051698945,3599.4686051696613,1.3418996135996402,12239.928110414587,5112.694035667091,1.225014054367764
2027.2,25.708795441502556,0.5771008709290637,1.5379446248939181,1.0329370068539203,19715.268155729325,5289.632998413257,3855.9663564497246,3855.9663564494745,1.322546502311866,14293.049160784898,5422.218994944427,1.2386307445954825
2027.3,25.862231468210545,0.5967837014457119,1.5293556827138395,1.0292077854038373,22458.262528054132,5689.698190039193,4132.6264440615905,4132.626444061322,1.3036709076965147,16707.77978372613,5750.482744328,1.2528708193047993
2027.4,26.014704396173716,0.6162243942817422,1.521633199974823,1.0263450233948272,25650.303635559823,6117.746908025335,4431.173396456048,4431.173396455761,1.2853233455786173,19551.68389636256,6098.619739197264,1.2677494743987892
2027.5,26.166427326164513,0.6354044437288996,1.5147103243284727,1.0242818684784727,29377.620334969164,6576.114320628084,4753.600687224095,4753.600687223787,1.2674208607051405,22909.787219565576,6467.833115403589,1.2833095065487823
2027.6,26.3175968231064,0.6543053815295858,1.5083452106770672,1.0227764755570627,33745.801691312474,7068.644756158226,5102.120887283097,5102.120887282766,1.249750951189716,26886.40284408781,6859.398847224664,1.2995981841801367
2027.7,26.468214449361824,0.6728867749709824,1.502525666484952,1.0218166520949543,38880.90253967787,7598.051604826055,5479.098052685062,5479.098052684706,1.2322931353788085,31606.23238264223,7274.670157035636,1.3166468612873001
2027.8,26.6182817672922,0.691111454687392,1.4972721975834111,1.0214229039234088,44937.1355656789,8167.048256838212,5887.142816490305,5887.1428164899235,1.2150499555665664,37222.05337373581,7715.082191943086,1.3344901934685318
2027.9,26.767800339260308,0.7089457298938828,1.4926306594188703,1.0216410864888748,52104.05637662826,8778.348102406346,6329.144434961127,6329.144434960717,1.19803962128066,43921.89939307369,8182.156983554571,1.3531667772855813
2028.0,26.916771727627577,0.7263595399248362,1.4886665119152402,1.0225366597152403,60615.85117315803,9434.664531736726,6808.3082034350355,6808.308203434594,1.1812902029770402,51938.34246515802,8677.508708000007,1.372719877073281
2028.1,27.065197494756443,0.7433265434453695,1.4825458287491862,1.0186856218891842,70360.18605965261,10138.710935039735,7288.812445812337,7288.812445811864,1.1634340699205423,61209.78877575639,9150.397283896224,1.3931983485612611
2028.2,27.213079203009343,0.7598241482638688,1.4772766630158403,1.0156861014958412,81968.29878946899,10893.200702526197,7808.163034073291,7808.163034072784,1.1460217671613875,72319.2424449962,9649.05634447279,1.4146578866505715
2028.3,27.36041841474771,0.7758334859878666,1.4729467362464632,1.0136258200664623,95857.23582987122,11700.847224401732,8370.065014992962,8370.06501499242,1.1290820525570056,85682.34555459829,10174.890275272934,1.4371621676047626
2028.4,27.507201871844472,0.7913377943567979,1.469570246860608,1.01251897602061,112552.7384872062,12565.34759212174,8978.660199843811,8978.660199843229,1.112589522530413,101823.35849211893,10729.379995087264,1.460782370225435
2028.5,27.653714627976093,0.8063541273305386,1.4666038002088335,1.0118221747088334,132754.56895268508,13498.765806897054,9639.002956567596,9639.00295656697,1.0961351269195023,121440.4818259935,11314.087126691582,1.485652816086037
2028.6,27.800409084203647,0.8209155628258961,1.464904229934914,1.0123922497749118,157403.5730059039,14496.850480070747,10357.533083941913,10357.202704187835,1.0801670458188921,145472.91461101247,11930.658394891423,1.5120129014096377
2028.7,27.9471762103585,0.8349993366977408,1.4642008561988602,1.0139585213788613,187677.13976507972,15568.406281195532,11140.333797729518,11139.55673672771,1.064482617194542,175096.30950085024,12580.83026422948,1.5399457253620712
2028.8,28.093906976271015,0.8485870054386027,1.4643953533633796,1.0164226638833784,225129.5581712765,16722.237879816737,11995.064707762129,11993.301523710199,1.0489538249765475,211863.12434184877,13266.433829427713,1.5696466868700605
2028.9,28.2404923517729,0.8616643753589384,1.4654880305262004,1.0197849863862023,271839.29811471724,17967.149945489844,12930.688920929779,12926.821649725882,1.0335095048868057,257849.89814236303,13989.399972354218,1.601346298631748
2029.0,28.386823306694517,0.8742213656326229,1.4675902368600746,1.0241568380600745,330625.8743960853,19311.94714775939,13958.1027494104,13949.918709655287,1.0181210461855585,315874.10959608527,14751.764799999997,1.635355458151214
2029.1,28.53279081086723,0.8862518142951162,1.4590534479960997,1.0301177895360865,402940.5604592624,20765.43415617829,15095.995600907867,15079.261843734539,0.9894650136622223,387478.9054882095,15461.654971052878,1.6721060865297825
2029.2,28.678288865003005,0.897753471614399,1.452116822005121,1.0376789038851275,495557.41902629565,22337.242910098794,16357.857191122657,16324.746749709691,0.961395466365516,479351.7122728969,16205.706753398763,1.7122078680643111
2029.3,28.823230740201844,0.9087288749278066,1.4470824267627718,1.047142248982765,615848.5976088728,24042.121559952226,17766.92744453738,17703.593778985436,0.9338044464442867,598863.0335234752,16985.56408539765,1.7565148487534938
2029.4,28.96778823221552,0.9192016800260449,1.4445269687244253,1.0590845312844386,774952.5819085897,25896.679780858234,19355.686052927496,19238.282951303583,0.9066033288032861,757149.631892931,17802.95001565876,1.8063172583915303
2029.5,29.11224341740456,0.9292022187642611,1.4453286125244853,1.0743839154244852,990261.6379669722,27920.522203923734,21169.8066924871,20958.39468994617,0.8797049251704049,971601.9674569722,18659.670510000014,1.8634596333244526
2029.6,29.257017910349084,0.9387675477311894,1.4506589072041136,1.0942119504241004,1290321.6644394083,30141.09486076306,23275.248965939492,22904.335257388393,0.8501784880709925,1270764.045996099,19557.618443309275,1.9305842971001237
2029.7,29.402586490455775,0.947933993206338,1.462437293433669,1.1204880769736754,1724717.5601999143,32588.18218730864,25769.217609699706,25133.157150197185,0.8209233961957787,1704218.7824230439,20498.777776870418,2.0114229310470897
2029.8,29.549786987395564,0.9567545660325202,1.483244811485653,1.1557933353456464,2387784.813711315,35311.79604314167,28802.743110687607,27732.42425808658,0.7916526419689438,2366299.5857647997,21485.227946515275,2.111436968828221
2029.9,29.699899140676322,0.9652981022848734,1.517224124966883,1.2042703891468962,3480840.872859426,38388.17723254773,32625.363333451074,30847.78037295898,0.7619488443815285,3458321.72440392,22519.14845550594,2.2387493091687047
2030.0,29.853630108851444,0.973589849321428,1.5732944787506775,1.2748384832506776,5492136.12400432,41859.63883358231,37660.362811296305,34731.31385304712,0.7320227312106491,5468533.30031432,23602.823689999994,2.403896787439483
2030.1,30.014710045601365,0.9817983372760701,1.6554646338249457,1.3616125870949414,9976278.44998282,45929.58258233544,44134.67305248754,39338.71408432976,0.7025994111394995,9951698.947491378,24579.502491442174,2.6220988835381593
2030.2,30.18628638569326,0.9900229105309943,1.819597203595714,1.530349105635716,25266276.05339766,50824.90804495297,54890.97858438755,46725.2199589999,0.6713667572349351,25240679.45738602,25596.596011638765,2.8998655569667724
2030.3,30.384281457504983,0.9988788495337967,2.2288329292583264,1.9441887800683242,159658671.17651674,57239.533186331195,78535.92684728866,62591.030745263364,0.635664452655613,159632015.39991543,26655.776601300116,3.314537998374407
2030.4,30.615379229063223,1.0,2.458401629871922,2.1783614294519262,432008909.45889705,66022.74913961341,101497.98033706551,73705.4974674226,0.594893177796129,431981150.67308444,27758.78581259033,3.973590377146236
2030.5,30.877337410696033,1.0,2.7667028388632655,2.4912665872132655,1378081728.9374535,77916.93843884351,136989.0773715352,87997.21534473964,0.5514750550980229,1378052821.500191,28907.437262646123,5.005100365277442
2030.6,31.173258540892405,1.0,3.167776928680929,2.896944625800925,5158598339.609167,94180.36486909719,192545.96424001252,106095.65873915904,0.507146855914068,5158568235.989552,30103.61961562485,6.604950197420413
2030.7,31.514309738084506,1.0,3.670889225476615,3.404660871366617,23381233602.032623,117561.20600131563,282469.62275560485,129136.58672206408,0.46216524586002833,23381202252.732937,31349.299688123338,9.130095670751293
2030.8,31.910906710418306,1.0,4.2773427577065295,4.015718352366528,134393921911.7141,152676.4716392466,432682.38802090293,158651.0165592614,0.41783066521594725,134393889265.18842,32646.525683096992,13.162266875224052
2030.9,32.37267958736818,1.0,4.968696705830807,4.711676249260811,1021540332530.8921,207607.96284454133,690324.5302711694,196260.8851065511,0.376053089658806,1021540298533.4615,33997.43055762691,19.71847887540062
2031.0,32.90552383428666,1.0,5.690983851144836,5.438567343344835,10532937762893.688,297009.83318749885,1139958.9067793554,243217.68051030356,0.3387855134352548,10532937727489.451,35404.235529999976,30.52597712021524
2031.1,33.50713643096539,1.0,6.324319109711595,6.073440535681594,145502288758407.28,446200.4026846984,1912487.4738238775,297757.0772692895,0.3100184814133229,145502288721791.53,36615.75764057226,48.285923247211755
2031.2,34.16514344002424,1.0,6.798523995935602,6.549183355675603,2560213190634728.5,697236.3083054649,3222559.9241956314,359321.79073351395,0.2882524431026574,2560213190596860.0,37868.7376671971,76.78504989766427
2031.3,34.85884886199556,1.0,7.034667871649365,6.786865165159364,5.259742876125655e+16,1117773.2668931615,5353734.099018213,424851.6296324104,0.27273674369449447,5.2597428761217384e+16,39164.5942870751,120.62691541688753
2031.4,35.56399941461781,1.0,7.022561094529487,6.776296321809489,1.1375151569669317e+18,1806084.9322374046,8637029.764244301,490958.43558626133,0.2620985552799129,1.1375151569668913e+18,40504.79472411851,184.51807524120437
2031.5,36.25653609630677,1.0,6.802750048639845,6.5580232096898445,2.3267324595965497e+19,2893589.6352788946,13391947.78143133,554866.8788855824,0.2548539483506163,2.3267324595965456e+19,41890.85641018087,272.06527994592557
2031.6,36.92016816226063,1.0,6.410895046973227,6.167706141793226,3.021642706239508e+20,4540401.882799801,19762952.487946413,611037.5826894963,0.24979588206505535,3.0216427062395077e+20,43324.34870317892,385.42425789967655
2031.7,37.5282590779459,1.0,5.777802030289965,5.536151058879965,4.468293944179535e+20,6857931.524270173,26793838.410534862,638980.0395481477,0.24613138046283578,4.468293944179534e+20,44806.894663977575,517.6404189489921
2031.8,38.07764224490794,1.0,5.221151570128405,4.981038532488404,4.633912719846434e+20,9934626.18819672,34922497.07095225,663216.9114924743,0.24329155323503585,4.633912719846433e+20,46340.172894077856,652.6133624765586
2031.9,38.57608417839372,1.0,4.761238430555097,4.522663326685098,4.792598388724768e+20,13885834.748827312,44320036.53687404,688332.0359907503,0.240929273886948,4.792598388724767e+20,47925.91943622461,798.0471126921767
2032.0,39.032367205517744,1.0,4.376768958755076,4.139731788655077,4.956601231143614e+20,18843540.483372346,55051425.24658518,714395.8738534158,0.23885549153462168,4.956601231143613e+20,49565.929740000036,955.1164177165792
2032.1,39.45300905278268,1.0,4.044685948177415,3.808680052447414,5.088365722269627e+20,24934257.394650325,67020056.164701544,739683.824604704,0.2373953861930602,5.0883657222696265e+20,50883.57214130049,1123.01446963965
2032.2,39.84294430079684,1.0,3.762081052309709,3.527106430949709,5.223632961391402e+20,32292911.33417682,80382150.82730645,765864.4498117096,0.236055240336587,5.2236329613914014e+20,52236.242262386855,1300.8714975835853
2032.3,40.206660056188014,1.0,3.5195623747733262,3.285619027783326,5.3624960941177143e+20,41060436.009877115,95208258.07632886,792969.1658412673,0.23479695789973679,5.362496094117714e+20,53624.87126724093,1488.1441636892496
2032.4,40.54797908967369,1.0,3.3099340074076715,3.0770219347876724,5.505050713138486e+20,51385367.22064926,111584510.96661416,821030.4909248197,0.23359652899404376,5.5050507131384857e+20,55050.415073577286,1684.5011617006817
2032.5,40.869608207130455,1.0,3.1267946372116615,2.8949138389616613,5.651394951590041e+20,63430300.494990975,129588442.13317557,850082.0837505483,0.23243829219041948,5.65139495159004e+20,56513.85501086141,1889.4355926931755
2032.6,41.173885316772015,1.0,2.9654889402264124,2.7346394163464116,5.8016295513195794e+20,77365414.60791175,149307211.43342954,880158.7833152938,0.23131184004115404,5.801629551319579e+20,58016.19849586958,2102.5505377723307
2032.7,41.463249968171475,1.0,2.8232225723367925,2.593404322826793,5.955857932257324e+20,93356157.092946,170862617.1502509,911296.6501604536,0.23021011296187174,5.955857932257324e+20,59558.4797261742,2323.8814368758553
2032.8,41.73932563788118,1.0,2.6967029817945294,2.4679160066545287,6.114186263609733e+20,111596186.68659788,194362997.0733467,943533.0090424716,0.22912804360447991,6.114186263609733e+20,61141.76039206412,2553.1902382192734
2032.9,42.00327886149633,1.0,2.5832238292172933,2.3554681284472943,6.276723536947678e+20,132291130.39794609,219908399.31555945,976906.4930884955,0.22806202940559306,6.276723536947678e+20,62767.13040742589,2790.072622254681
2033.0,42.25627617460963,1.0,2.4809874706089343,2.254263044208934,6.44358164123231e+20,155646615.23589164,247615672.82488072,1011457.0894867493,0.22700947734871713,6.44358164123231e+20,64435.708659999975,3034.291870074196
2033.1,42.49919589724361,1.0,2.385135189174612,2.1591694784546114,6.614875439877211e+20,181906541.88684028,277184478.90879923,1045670.1459974849,0.22620407956628139,6.61487543987721e+20,66148.64378200071,3285.495566026841
2033.2,42.73316480414399,1.0,2.2986913425751045,2.073484347535105,6.79072284971079e+20,211223483.04069784,309084209.8005405,1081037.367912505,0.22540702147870684,6.790722849710789e+20,67907.11493974092,3543.747736563527
2033.3,42.95923340708082,1.0,2.220782773606853,1.9963344942468526,6.971244922253182e+20,243797948.4317647,343476647.52227575,1117597.5755920517,0.22461717213251886,6.971244922253181e+20,69712.33264639792,3809.2410054466363
2033.4,43.17790697779035,1.0,2.1497183872827095,1.9260288236027103,7.156565927015213e+20,279927208.3605974,380488690.9324888,1155390.8908763616,0.22383359413655277,7.156565927015211e+20,71565.53959500113,4081.685138318359
2033.5,43.38969078800678,1.0,2.0844057529541216,1.8614749049541215,7.346813437040757e+20,319908533.127439,420258850.1651179,1194458.7805618637,0.2230555908827059,7.346813437040756e+20,73468.01151385675,4360.862435964046
2033.6,43.59509010946582,1.0,2.024119872343047,1.8019477400230464,7.542118416729885e+20,364039193.03277457,462939450.8901457,1234844.1013253026,0.2222826288917752,7.542118416729883e+20,75421.0580447745,4646.637008222929
2033.7,43.79461021390312,1.0,1.9683636147552046,1.746950198115205,7.742615311991863e+20,412616458.37712675,508699052.9736342,1276591.1461415759,0.22151428947419546,7.742615311991861e+20,77426.02364459945,4938.9631682791905
2033.8,43.98875637305297,1.0,1.9167825214563639,1.6961278204963635,7.948442142795119e+20,465937599.46068215,557725104.1248598,1319745.6922456196,0.22075023744946742,7.948442142795117e+20,79484.28851070815,5237.893049919093
2033.9,44.177992292458796,1.0,1.8687857195385644,1.648889734258565,8.159740598181988e+20,524397316.67754555,610219290.5527503,1364355.0506904705,0.21999018050198002,8.159740598181986e+20,81597.26953115371,5543.514860809905
2034.0,44.362624444123824,1.0,1.8243984009292822,1.6052611313292822,8.376656133802006e+20,588219038.3042573,666374891.2150801,1410468.1175519074,0.21923391697469097,8.376656133802004e+20,83766.42125999999,5855.7433959187865
2034.1,44.54291033853938,1.0,1.78175183510583,1.5632174432958295,8.599338071725031e+20,657722247.4208267,725597507.7308586,1456543.426544097,0.21861533545596146,8.59933807172503e+20,85993.23691544795,6174.460706524715
2034.2,44.719094692430886,1.0,1.7419865839792685,1.5240550699592688,8.827939704176493e+20,733340775.2427558,788751777.7091533,1504119.878149147,0.21799936540235337,8.827939704176492e+20,88279.24941718833,6499.569418975349
2034.3,44.89142222252256,1.0,1.7047589491517046,1.4874303129217044,9.062618398131896e+20,815508452.9850248,856049647.2095518,1553246.2378334703,0.21738587160468376,9.062618398131894e+20,90626.03243234457,6831.016410199658
2034.4,45.060137645540216,1.0,1.6698332170202246,1.453107458580225,9.30353570395442e+20,904659111.8633325,927719214.3104568,1603972.850186242,0.21677474368454155,9.303535703954419e+20,93035.20146184824,7168.796050003987
2034.5,45.2254856782081,1.0,1.6370451596641864,1.4209222790141864,9.550857466600572e+20,1001226583.0925975,1004006566.6590675,1656351.6898744588,0.2161658898449161,9.55085746660057e+20,95508.41495248984,7512.953217965452
2034.6,45.387711037251634,1.0,1.606277628388459,1.3907576255284584,9.804753939789625e+20,1105644697.8883371,1085177786.478092,1710436.4142376569,0.21555923254259657,9.804753939789624e+20,98047.37543861463,7863.586125506327
2034.7,45.54692811056143,1.0,1.5772563101147843,1.3623391850447846,1.0065399903202854e+21,1218471306.61874,1171478743.594959,1766282.417571845,0.2149546998019606,1.0065399903202852e+21,100653.83071411365,8220.55147956113
2034.8,45.703287069313,1.0,1.5499236922134518,1.3356094449334515,1.0332974782798408e+21,1340145909.313327,1263180533.7412994,1823946.8871578649,0.21435223659175395,1.0332974782798407e+21,103329.57503556799,8583.806580889175
2034.9,45.85695466778055,1.0,1.5241235773497268,1.3104122078597273,1.0607662774330415e+21,1471233254.9939456,1360577613.640628,1883488.8610913039,0.21375179035000386,1.0607662774330414e+21,106076.45035743875,8953.378639235354
2035.0,46.00808132470873,1.0,1.499720691445714,1.286612199745714,1.0889652970142635e+21,1612327034.330738,1463978365.4840665,1944969.2879683573,0.2131533156284012,1.0889652970142634e+21,108896.34759999994,9329.290084324351
2035.1,46.15681745884326,1.0,1.475621022565203,1.2630226670852027,1.1179139489889554e+21,1764020937.994729,1572348237.4909086,2006710.9044770745,0.21263471587522081,1.1179139489889553e+21,111791.20795655253,9711.59614251837
2035.2,46.30331348892982,1.0,1.4528034418092868,1.240715222549287,1.1476321612549895e+21,1926908656.65704,1687202057.112372,2070407.3257924346,0.21211761177997412,1.1476321612549894e+21,114763.02421354962,10100.386365263308
2035.3,46.44771983371311,1.0,1.4312229664418883,1.219644883401888,1.1781403915192899e+21,2101583880.9876685,1808897608.9898589,2136120.265444602,0.21160197485363882,1.1781403915192897e+21,117813.84213826295,10495.78608843143
2035.4,46.59014868037661,1.0,1.4108141221354338,1.1997461753154341,1.2094596413291915e+21,2288681506.9835453,1937798396.9242609,2203913.3791432097,0.21108777927901887,1.2094596413291915e+21,120945.76188191466,10897.848279330441
2035.5,46.73015023548708,1.0,1.3910938899910157,1.1805360793910158,1.2416114705291495e+21,2489388847.994701,2073986197.7735949,2273852.3256874243,0.21057499504258287,1.2416114705291495e+21,124160.93942534388,11304.992850976409
2035.6,46.86831836454794,1.0,1.3724346713467082,1.1623869969667078,1.2746180121027813e+21,2703926728.046479,2218091816.801776,2346004.829781356,0.2100636094359967,1.2746180121027813e+21,127461.58806321204,11718.642463307044
2035.7,47.00470809863036,1.0,1.3546906711831972,1.1451531330231974,1.3085019874087868e+21,2933212757.7953258,2370505616.32017,2420440.746810279,0.2095536016090605,1.3085019874087868e+21,130849.9799275898,12138.729105081442
2035.8,47.13937446880459,1.0,1.3377602317933972,1.128732829853397,1.3432867218218651e+21,3178164547.8961077,2531636762.3149543,2497232.1296400903,0.20904495377921198,1.343286721821865e+21,134328.4475520456,12565.193064511408
2035.9,47.27237250614209,1.0,1.3215736989403233,1.1130564332203237,1.3789961607901786e+21,3439699709.005851,2701914310.391726,2576453.2975048004,0.2085376504952744,1.3789961607901783e+21,137899.38547739206,12997.983560289556
2036.0,47.403757241713144,1.0,1.30608438137563,1.0980772518756299,1.415654886318545e+21,3718735851.779276,2881788362.1031337,2658180.907042565,0.20803167810477674,1.4156548863185448e+21,141565.2518999999,13437.059346337186
2036.1,47.5335837065889,1.0,1.29031810272197,1.0827642992719695,1.441702053083242e+21,4016190586.8728657,3068895493.810461,2739962.172948593,0.20757250830600998,1.4417020530832418e+21,144169.96422075114,13882.389291048714
2036.2,47.66190693184052,1.0,1.275224485650155,1.068124008250155,1.468228471467181e+21,4332981524.943271,3266196971.9728293,2824249.653729176,0.20711444103939924,1.4682284714671808e+21,146822.6016232841,14333.952931934937
2036.3,47.788781948538286,1.0,1.2607900959865919,1.0541429446365917,1.4952429594010546e+21,4670026276.64496,3474182979.706234,2911119.8171089,0.2066574662731574,1.4952429594010544e+21,149524.04589919344,14791.741006729773
2036.4,47.91425481977799,1.0,1.2469962931588312,1.0408024678588317,1.5227544970602204e+21,5028280213.314799,3693360012.849695,3000651.4525196813,0.2062015746410287,1.5227544970602202e+21,152275.19506451403,15255.722395608685
2036.5,48.03826598905665,1.0,1.2336973798239153,1.0279568805739152,1.5507722298494466e+21,5409257893.19896,3924157618.531035,3092925.7412041216,0.20574675559639402,1.5507722298494464e+21,155076.9636581909,15725.470070025398
2036.6,48.16100234098495,1.0,1.2209822315532373,1.015695058353237,1.5793054714433729e+21,5813706579.926695,4167257205.622327,3188026.328425775,0.20529300247916651,1.5793054714433726e+21,157930.28304613306,16201.495078702694
2036.7,48.28250341180712,1.0,1.2087830754294522,1.0039492282794524,1.6083637068824783e+21,6243022022.013555,4423239699.707695,3286039.397843885,0.20484030695113448,1.608363706882478e+21,160836.10173080227,16683.777723765543
2036.8,48.40280873776656,1.0,1.197053327862318,0.9926728067623178,1.6379565957258876e+21,6698599967.972139,4692713341.631315,3387053.748119105,0.20438866160944894,1.6379565957258873e+21,163795.38566649397,17172.306199271054
2036.9,48.521957855107786,1.0,1.185762227791605,0.9818350327416053,1.6680939752628292e+21,7181836166.319075,4976315139.088271,3491160.8718190943,0.2039380597797165,1.668093975262829e+21,166809.1185804869,17667.07694022889
2037.0,48.63999030007422,1.0,1.174890675076163,0.9714168060761629,1.6987858637822464e+21,7694126365.566715,5274712402.433379,3598455.0366864977,0.20348849536132727,1.698785863782246e+21,169878.30229999995,18168.09495845012
2037.1,48.756945608910065,1.0,1.1638391331070512,0.9607829678670509,1.7300424639171456e+21,8236866314.230673,5584974193.077515,3706624.1012643036,0.20306620063938496,1.7300424639171453e+21,173003.95708662746,18675.37416592019
2037.2,48.87286331785957,1.0,1.1532048669029893,0.9505664054229894,1.7618741659956908e+21,8811451760.826841,5911038489.715567,3818031.7986357096,0.20264482074796436,1.7618741659956905e+21,176187.12197144917,19188.937686374138
2037.3,48.98778296316616,1.0,1.142986438929573,0.9407656812095728,1.7942915515347522e+21,9419278453.867157,6253641192.039263,3932774.6652555265,0.20222435103571695,1.794291551534752e+21,179428.8551043814,19708.818155832214
2037.4,49.101728508921205,1.0,1.133170658079322,0.9313676041193224,1.8273053967447753e+21,10061861405.186605,6613529824.917432,4050952.1008682754,0.2018047869651155,1.827305396744775e+21,182730.2341046669,20234.985371375737
2037.5,49.214520425433754,1.0,1.1235615357047586,0.9221761855047585,1.8609266761114452e+21,10742401417.803059,6991158322.684637,4172666.452961103,0.2013861224568889,1.860926676111445e+21,186092.35641904065,20766.444869705032
2037.6,49.326411832278566,1.0,1.114332717636543,0.9133650711965426,1.895166566044411e+21,11461187955.363176,7387676874.122723,4298023.103696333,0.20096835523649853,1.8951665660444108e+21,189516.33968659633,21304.229529797944
2037.7,49.43741877279969,1.0,1.1054355819806512,0.9048856393006514,1.9300364485922387e+21,12220403527.79714,7803925245.175852,4427130.559388932,0.20055148096658876,1.9300364485922385e+21,193003.32211028915,21848.290272500508
2037.8,49.54755729034041,1.0,1.0968359658042597,0.8967037268842595,1.9655479152258942e+21,13022230645.029911,8240778017.31817,4560100.54260575,0.20013549569287942,1.965547915225894e+21,196554.46283527528,22398.579872003247
2037.9,49.65684342824503,1.0,1.0885108727046389,0.8887963375446392,2.001712770692455e+21,13868851816.993557,8699146044.550669,4697048.086965745,0.19972039576187725,2.0017127706924548e+21,200170.9423342902,22955.053115293565
2038.0,49.765293229856844,1.0,1.0804458359701967,0.8811490045701966,2.038543036938699e+21,14762449553.612644,9179977975.040234,4838091.634712244,0.19930617775789106,2.0385430369386986e+21,203853.96279999986,23517.666957066664
2038.1,49.8729227385199,1.0,1.072133526340748,0.8732315771407477,2.0760509570162738e+21,15705206364.817455,9678475099.258875,4980375.380537673,0.19890734590329517,2.0760509570162735e+21,207604.74853552316,24086.380670132243
2038.2,49.97974799757824,1.0,1.064078937943639,0.8655718709436393,2.114248999423001e+21,16699304760.538717,10200827012.666483,5126826.717475451,0.1985093308444373,2.1142489994230007e+21,211424.54638855616,24661.15599131283
2038.3,50.08578505037516,1.0,1.056281700765002,0.8581695159650018,2.1531498619790046e+21,17746927250.70033,10748060692.35514,5277567.16953213,0.1981121297930606,2.1531498619790043e+21,215314.6261389886,25241.95726287195
2038.4,50.191046034295006,1.0,1.0487397846871187,0.8510224820871191,2.1927664761367565e+21,18850328954.76098,11321235499.015789,5432721.786523623,0.1977157400341924,2.1927664761367563e+21,219276.2809299029,25828.72960569455
2038.5,50.295521463716106,1.0,1.0414076591584247,0.8440852387584247,2.2331120112789532e+21,20012759907.820587,11921396932.083584,5592419.245794828,0.1973201585729858,2.233112011278953e+21,223310.82769737148,26421.295794305308
2038.6,50.399306540110466,1.0,1.0343262714563541,0.8373987332563538,2.2741998790971076e+21,21236079057.335724,12549906516.267042,5756791.956860974,0.19692538311971708,2.2741998790971073e+21,227419.60760829705,27020.080731422328
2038.7,50.50241090107341,1.0,1.0274664184651408,0.830933762465141,2.316043738049383e+21,22523497135.897213,13207970368.394356,5925976.169044774,0.19653141096013754,2.3160437380493827e+21,231603.98650621585,27625.037209165886
2038.8,50.604844184199564,1.0,1.0208078451593654,0.8246700713593653,2.3586574979008197e+21,23878224876.087013,13896842300.378897,6100112.082198215,0.19613823954185122,2.3586574979008194e+21,235865.35536530506,28236.118827460872
2038.9,50.70661602708448,1.0,1.0143373235874136,0.818594431987414,2.402055324347839e+21,25303473010.499115,14617825664.147724,6279343.960600823,0.19574586644124348,2.402055324347839e+21,240205.13075283717,28853.280088493713
2039.0,50.80773606732279,1.0,1.0080470810664228,0.8126990716664227,2.446251643726433e+21,26802452271.714855,15372275269.48981,6463820.250114768,0.19535428933768545,2.446251643726433e+21,244624.7552999998,29476.476488870583
2039.1,50.90821394250982,1.0,1.0014933635125705,0.8065252855225702,2.4912611479035403e+21,28378373392.325203,16152484911.308813,6649941.293565259,0.19497075915316572,2.4912611479035403e+21,249125.6981910286,30105.664609494223
2039.2,51.00805929024088,1.0,0.9951225053278216,0.8005343587478219,2.5370987988789247e+21,30034447104.92183,16968110188.790632,6841399.721424814,0.19458799195663895,2.5370987988789247e+21,253709.45562339894,30740.802203125444
2039.3,51.107281748110616,1.0,0.9889359992952966,0.7947277841252964,2.583779834036829e+21,31773884142.085022,17820609834.198223,7038347.899035843,0.19420598570813916,2.583779834036829e+21,258377.55133298732,31381.84827963409
2039.4,51.20588749848119,1.0,0.9829350189520839,0.7891067351920843,2.631319771120295e+21,33599952570.754562,18711485710.3038,7240942.519276974,0.1938247384046558,2.6313197711202944e+21,263131.5370915022,32028.740348635758
2039.5,51.30386361791196,1.0,0.9770881481265766,0.7836397957765766,2.6797344133886934e+21,35517321463.293144,19642218894.86942,7449344.724776699,0.1934442478793053,2.679734413388693e+21,267972.99322224024,32681.28775227912
2039.6,51.401289945875504,1.0,0.9714055747054731,0.7783371537654727,2.7290398548719016e+21,37529773419.425446,20614725777.24113,7663720.233563948,0.1930645121915543,2.729039854871901e+21,272903.5291254942,33339.92405013228
2039.7,51.498170684269326,1.0,0.9658745874469559,0.773186097916956,2.779252485719856e+21,39641745245.958885,21630704315.09596,7884239.46823933,0.19268552936514985,2.7792524857198557e+21,277924.7838135187,34004.58981103645
2039.8,51.594510034990265,1.0,0.9604871815456184,0.7681786234256183,2.830388997650692e+21,41857673749.686386,22691915831.164074,8111077.688769654,0.19230729748821124,2.8303889976506917e+21,283038.4264553364,34675.2251166805
2039.9,51.69031219993602,1.0,0.955239038983502,0.7633104122735024,2.8824663895002217e+21,44181995737.42055,23800187241.66647,8344415.129012401,0.19192981470093495,2.882466389500221e+21,288246.156931685,35351.769618607505
2040.0,51.78558138100343,1.0,0.950128684363721,0.758579989063721,2.935501972871725e+21,46619148015.953316,24957413360.994923,8584437.137060292,0.19155307918590703,2.9355019728717244e+21,293549.7064000002,36034.16259441691
2040.1,51.88032178009001,1.0,0.944546776587859,0.7534020806678586,2.9636140505617007e+21,49173567392.09238,26145225333.73976,8824471.254900865,0.19114503637037605,2.9636140505617e+21,296360.9094679751,36722.343003183305
2040.2,51.97453759909322,1.0,0.9391119458631089,0.7483712493231091,2.991995345891275e+21,51849690672.646454,27384014879.11558,9071175.20391051,0.19073786908031398,2.991995345891274e+21,299199.0342548916,37416.249540026474
2040.3,52.06823303990992,1.0,0.9338272196654245,0.7434905225054244,3.020648437045377e+21,54651954664.4059,28675763765.175373,9324732.996914199,0.19033157513963184,3.0206484370453766e+21,302064.3385788086,38115.820689820874
2040.4,52.1614040545801,1.0,0.9286934250427794,0.7387607272627797,3.049575926899312e+21,57584930694.01125,30022476003.941555,9585333.681943778,0.18992615238757876,3.0495759268993114e+21,304957.08272682474,38820.93192636977
2040.5,52.25397947531299,1.0,0.923662988516583,0.734134290116583,3.078780443254859e+21,60656465022.321785,31425808812.054848,9853171.478718506,0.18952159848972513,3.0787804432548584e+21,307877.52947867446,39530.93707504102
2040.6,52.34611170635039,1.0,0.91876274528339,0.7296380462633896,3.10826463907927e+21,63871529913.60962,32888846996.982765,10128445.91879336,0.18911791135771733,3.1082646390792693e+21,310825.944130643,40246.90803210856
2040.7,52.437791306408215,1.0,0.9139835607637619,0.725262861123762,3.138031192746223e+21,67236281870.72922,34413828163.1337,10411361.989457961,0.1887150888604249,3.1380311927462224e+21,313802.59451964917,40968.69455606918
2040.8,52.52900883420175,1.0,0.9093194029717675,0.7210027027117674,3.1680828082788636e+21,70756877396.51193,36003059570.55942,10702130.281490976,0.18831312890182658,3.168082808278863e+21,316807.7510475527,41696.14092989356
2040.9,52.61975484844711,1.0,0.9047666956841046,0.7168539948041049,3.198422215595841e+21,74439472993.82043,37658919684.44236,11000967.140878493,0.18791202941513088,3.19842221559584e+21,319841.6867057658,42429.08598657208
2041.0,52.71001990785958,1.0,0.9003237770461702,0.7128150755461702,3.2290521707588915e+21,78290225165.48462,39383859732.32078,11308094.824585272,0.18751178835810395,3.229052170758891e+21,322904.6771000001,43167.36313888263
2041.1,52.79979457115508,1.0,0.8945283314550886,0.7084782746150873,3.259975456153842e+21,82315290414.35931,41156734545.29448,11617060.270140992,0.18599931330501657,3.2599754561538417e+21,325997.0004683714,43910.80041339393
2041.2,52.88906939704952,1.0,0.8888481562626114,0.7042567440826121,3.2911948809511166e+21,86520825243.30092,43001690137.865005,11934413.290930323,0.18449904069130157,3.291194880951116e+21,329118.93772745156,44659.22048864432
2041.3,52.977834944258184,1.0,0.883284721441387,0.7001519539213864,3.3227132811540263e+21,90912986155.13695,44921276189.908226,12260379.918971112,0.18301087194959698,3.322713281154026e+21,332270.77247710107,45412.4407374589
2041.4,53.066074059609335,1.0,0.8778409601444599,0.6961668372844612,3.3545335199254556e+21,95497662835.93239,46918047656.80612,12595192.226374725,0.1815347093237655,3.354533519925455e+21,335452.79103312845,46170.20665234065
2041.5,53.15364269736785,1.0,0.8724745837118024,0.6922591055118024,3.386658487847298e+21,100284917910.03719,48993465280.69428,12939088.485187257,0.18007045574240044,3.386658487847297e+21,338665.2824532384,46931.14624070358
2041.6,53.2406435805018,1.0,0.8671394342677541,0.6883826007277528,3.4190911031835566e+21,105291227124.59857,51151212138.866486,13292313.331425598,0.17861801480033124,3.419091103183556e+21,341908.5385633438,47696.00959175193
2041.7,53.32709841032469,1.0,0.8618594897746885,0.6845613008946893,3.4518343121452353e+21,110522208401.58104,53394405602.48973,13655117.933397047,0.17717729118753445,3.451834312145235e+21,345182.8539840531,48464.86276377703
2041.8,53.4130288881494,1.0,0.8566561070852541,0.6808165628652535,3.484891089157749e+21,115983479662.91312,55726286635.47497,14027760.164420404,0.17574819035187061,3.4848910891577487e+21,348488.5261574091,49237.77946551906
2041.9,53.49845671528961,1.0,0.8515482186653651,0.6771673191053664,3.5182644371316665e+21,121680658830.57199,58150225153.02804,14410504.780071283,0.17433061849496248,3.518264437131666e+21,351825.8553739652,50014.8410801188
2042.0,53.58340359305825,1.0,0.8465525304181395,0.6736302755181395,3.551957387734802e+21,127619363826.48407,60669725625.92654,14803623.6000466,0.17292448256793383,3.5519573877348017e+21,355195.1447999998,50796.13668772857
2042.1,53.66789122276879,1.0,0.8407386275544178,0.6688330809744168,3.585973001604948e+21,133805212572.61438,63157457070.26784,15175923.878862185,0.17187975693631255,3.585973001604947e+21,358596.70049878006,51581.763087122694
2042.2,53.75194130573471,1.0,0.8350813794103593,0.6641925411503597,3.620314368816427e+21,140243822990.93018,65737259334.65713,15557527.371942075,0.17084134516603883,3.6203143688164265e+21,362030.83147721726,52371.82481657452
2042.3,53.83557554326893,1.0,0.829590964346209,0.6597188344062086,3.6549846089728645e+21,146940813003.35452,68412455575.59949,15948664.858527562,0.16980920902672247,3.654984608972864e+21,365497.8496951568,53166.43417428366
2042.4,53.918773438878716,1.0,0.8242672344593898,0.6554118128393908,3.689986871553443e+21,153902696029.84622,71185960641.94296,16349572.794994503,0.16878331050625878,3.6899868715534427e+21,368998.07009998616,53965.303920174
2042.5,54.00090183437157,1.0,0.8189488673628127,0.6511101540628127,3.7253243361982e+21,161158188139.75882,74052666629.54204,16760493.453168994,0.16776361156308872,3.7253243361981995e+21,372531.8106551795,54762.16225511812
2042.6,54.08253475111596,1.0,0.8137295200739503,0.6469075150939493,3.761000212997522e+21,168711069782.214,77022858688.5023,17181675.06198977,0.16675007473659645,3.7610002129975215e+21,376099.39236923866,55562.37717620145
2042.7,54.16367026489105,1.0,0.8086125036647055,0.642807207004706,3.7970177427834945e+21,176570036211.9422,80099831251.92784,17613371.952573597,0.1657426627281464,3.797017742783494e+21,379701.1393248301,56365.81372478586
2042.8,54.244306451475474,1.0,0.8036010330629657,0.6388124447229653,3.833380197424028e+21,184743782683.61993,83286969010.63364,18055844.706774395,0.164741338467055,3.8333801974240274e+21,383337.3787081999,57172.33542606948
2042.9,54.32444138664857,1.0,0.7986981631160347,0.6349262830960356,3.8700908801207556e+21,193241004451.99664,86587748946.08951,18509360.309328716,0.16374606510893588,3.870090880120755e+21,387008.4408389548,57981.80433530029
2043.0,54.40407314618898,1.0,0.7939067411688919,0.631151569468892,3.9071531257082544e+21,202070396771.7459,90005742396.26294,18974192.303647876,0.16275680603415754,3.907153125708254e+21,390714.6591999999,58794.08108413196
2043.1,54.483199805875856,1.0,0.7885881461847459,0.6265872193647453,3.9445703011119624e+21,211240654897.599,93409897433.39932,19422608.839999907,0.16198630570913328,3.944570301111962e+21,394456.37048331083,59609.02492716419
2043.2,54.561819441488375,1.0,0.7833977934443663,0.6221511115043666,3.982345805194017e+21,220760474084.2901,96928402956.59819,19881554.966527924,0.16121945444336197,3.9823458051940166e+21,398233.9145745324,60426.49378857719
2043.3,54.63993012880516,1.0,0.778337209076525,0.6178447720165247,4.020483069518449e+21,230638549586.4882,100564600381.61728,20351276.136105873,0.16045623489741206,4.0204830695184484e+21,402047.6346294994,61246.3443088569
2043.4,54.717527089971796,1.0,0.7734086810917445,0.6136704889117452,4.0589855585123414e+21,240883046025.9309,104321862198.13136,20832023.475795798,0.15969662981922195,4.058985558512341e+21,405897.87709034095,62068.40152081766
2043.5,54.79460234695929,1.0,0.7686122405651659,0.6096282932651659,4.0978567697798655e+21,251502700374.5301,108203578724.24683,21324053.916763835,0.15894062203637507,4.097856769779865e+21,409784.9917168835,62892.453784376
2043.6,54.871227852962114,1.0,0.7639184497553668,0.6056887473353662,4.1371002344204906e+21,262522498810.9833,112214736098.388,21827630.32715488,0.15818819437516365,4.13710023442049e+21,413709.3316184841,63719.15221573656
2043.7,54.94740418675738,1.0,0.7593271028242701,0.6018516452842705,4.1767195173494954e+21,273953818551.75977,116359184309.8077,22343021.647964522,0.1574393298342651,4.176719517349495e+21,417671.2532860789,64548.39503599814
2043.8,55.02313192712169,1.0,0.7548382663561413,0.5981170536961409,4.2167182176216857e+21,285808036813.25024,120640875400.13998,22870503.031986423,0.15669401149578283,4.216718217621685e+21,421671.1166245445,65380.080254451634
2043.9,55.09841165283231,1.0,0.7504521985346891,0.5944852307546898,4.2570999687588427e+21,298096530811.95135,125063865884.14465,23410355.98591536,0.15595222252449562,4.257099968758842e+21,425709.2849854513,66214.10569925657
2044.0,55.173243942665835,1.0,0.7461692827143915,0.5909565598143915,4.297868439079108e+21,310830677764.24994,129632319221.90225,23962868.5156472,0.1552139461671982,4.2978684390791074e+21,429786.1252000002,67050.36904760353
2044.1,55.24762937539938,1.0,0.741529235420435,0.5869048271404346,4.3390273319317275e+21,324021854886.6162,134207208469.36859,24502173.05631432,0.15461531525621536,4.339027331931727e+21,433902.00760249636,67888.76785543528
2044.2,55.32156852981004,1.0,0.7370012541604525,0.5829651605004528,4.380580386328672e+21,337681439395.5245,138926037596.21738,25053537.119195264,0.15401899414434223,4.3805803863286717e+21,438057.3060935117,68729.19958664502
2044.3,55.39506198467441,1.0,0.7325854642008803,0.57913768516088,4.42253137699038e+21,351820808507.3553,143792821643.2157,25617228.402523644,0.15342497388046997,4.4225313769903793e+21,442252.398144461,69571.56164178933
2044.4,55.46810837541594,1.0,0.7282825919711209,0.5754231275511215,4.464884114786678e+21,366450817166.0388,148811627144.70517,26193520.497542083,0.15283324555131292,4.4648841147866777e+21,446487.6648416852,70415.72883572697
2044.5,55.54070686150913,1.0,0.7240912555488029,0.5718201057488029,4.5076424470820663e+21,381583628504.80316,153986629335.69208,26782693.01698633,0.1522438002755444,4.507642447082066e+21,450763.49092099,71261.58137306574
2044.6,55.6129101603393,1.0,0.7199918532342713,0.5683090180542708,4.5508102580858357e+21,397247732572.1817,159323497779.86597,27385031.72635985,0.15165662916558087,4.550810258085835e+21,455080.26480266446,72109.63051992917
2044.7,55.684719746454114,1.0,0.7159831283405886,0.5648886077805889,4.594391469204925e+21,413457759803.77435,164826797758.28525,28000828.678026363,0.15107172341475295,4.5943914692049245e+21,459438.3786267373,72959.79806190093
2044.8,55.75613709440077,1.0,0.7120641782680941,0.5615579723280938,4.638390039399529e+21,430228340635.06995,170501211974.108,28630382.348191243,0.15048907425253213,4.6383900393995287e+21,463838.2282885681,73812.00609281631
2044.9,55.82716367872712,1.0,0.7082343808959946,0.5583164895759951,4.682809965543578e+21,447574105501.70715,176351543366.02786,29273997.776849955,0.14990867294412377,4.6828099655435776e+21,468280.2134748833,74666.17703396677
2045.0,55.897800973980345,1.0,0.7044933322468706,0.5551637555468706,4.727655282786998e+21,465509684839.1698,182382717985.95602,29931986.71073013,0.14933051079012308,4.727655282786998e+21,472764.73769999994,75522.23365278465
2045.1,55.968050454708134,1.0,0.7004918550328528,0.5516409750028524,4.772930064878911e+21,484049709083.05896,188443142763.6983,30579248.45427958,0.14884474112271756,4.772930064878911e+21,477292.20833814883,76380.09908102627
2045.2,56.037913595458164,1.0,0.6965842563288234,0.5482120729688236,4.818638424668719e+21,503208808668.98145,194684191580.7682,31240416.406149812,0.14836055232946968,4.818638424668719e+21,481863.03667358257,77239.69683245698
2045.3,56.107391870777626,1.0,0.6927702755679296,0.5448767888779293,4.864784514348925e+21,523001614032.41266,201110707914.4365,31915787.14668992,0.14787793924042292,4.864784514348925e+21,486477.6379248562,78100.95082002439
2045.4,56.176485204926216,1.0,0.6890500628986385,0.5416352728786389,4.911372525876261e+21,543442265232.9117,207727602511.4337,32605663.528745253,0.14739689670438794,4.911372525876261e+21,491136.4312869436,78963.76594212266
2045.5,56.24519293749413,1.0,0.685420992156266,0.5384848988062659,4.958406691351661e+21,564547709893.5043,214539881429.28067,33310354.80904265,0.14691741958376567,4.958406691351661e+21,495839.83996922965,79828.03958284251
2045.6,56.31355689912128,1.0,0.68187004048371,0.5354126438037096,5.005891283405438e+21,586350645391.8885,221554149370.11945,34030176.78232071,0.14643950273799117,5.005891283405438e+21,500588.29123403114,80694.20909164962
2045.7,56.38157876585267,1.0,0.6783958242327364,0.5324171242227366,5.053830615585107e+21,608869639230.2108,228775857535.2989,34765451.91822345,0.14596314106814726,5.053830615585107e+21,505382.21643537824,81562.21268014789
2045.8,56.44926021373288,1.0,0.6749972939457479,0.5294972906057477,5.102229042746904e+21,632123258910.4629,236210593261.19513,35516509.501027524,0.14548832949335638,5.102229042746904e+21,510222.0510581654,82431.98903686226
2045.9,56.51660291880706,1.0,0.6716736739658854,0.5266523672958858,5.151090961452139e+21,656130071934.845,243864083247.2163,36283685.77228016,0.1450150629505428,5.151090961452139e+21,515108.2347577902,83303.4773392691
2046.0,56.58360855711979,1.0,0.6684244104610211,0.5238818004610211,5.200420810365717e+21,680908645805.3424,251742196858.1349,37067324.07636363,0.14454333639423725,5.200420810365717e+21,520041.2114000001,84176.61726537548
2046.1,56.65027880471608,1.0,0.6649722834959925,0.5208335802459921,5.250223070785835e+21,706477548024.1031,259675633250.04156,37842226.37655802,0.14413424139617165,5.250223070785834e+21,525021.4291138671,85051.3490049378
2046.2,56.71661533764097,1.0,0.6615977966991529,0.5178630001991531,5.30050226667602e+21,732855346093.2822,267834797858.70065,38633222.78586007,0.14372630470577913,5.300502266676019e+21,530049.340294982,85927.61327025927
2046.3,56.782619831938995,1.0,0.65830066518042,0.5149697754304198,5.351262965447984e+21,760060607514.8544,276225534371.477,39440645.10127041,0.14331952302711234,5.351262965447983e+21,535125.4016837594,86805.35130660428
2046.4,56.84829262024256,1.0,0.655080861738734,0.5121538787387344,5.40250977825424e+21,788111463961.0599,284853768081.4331,40264831.90283142,0.1429138930746861,5.402509778254239e+21,540250.0743946724,87684.48685918971
2046.5,56.91363132279374,1.0,0.6519349431078116,0.5094118668578117,5.454247360405776e+21,817031210858.7909,293725439634.0398,41106128.69095661,0.14250941156886876,5.454247360405775e+21,545423.8239580475,88564.90708533653
2046.6,56.97867054967731,1.0,0.648854152482486,0.5067349829824856,5.506480411796009e+21,846857667580.8076,302848320181.7771,41964888.02653715,0.14210607523001942,5.506480411796008e+21,550647.120362439,89447.00158090128
2046.7,57.0434120176198,1.0,0.645837310560565,0.5041220478105652,5.559213677327281e+21,877614125074.8717,312228939545.87537,42841469.67383568,0.14170388080172142,5.55921367732728e+21,555920.4380972823,90330.72159448573
2046.8,57.10785744334732,1.0,0.6428835213704169,0.5015721653704168,5.612451947341408e+21,909323874288.534,321873986417.8951,43736240.74623986,0.14130282503771452,5.612451947341407e+21,561244.2561959662,91216.01891448813
2046.9,57.172008543586564,1.0,0.6399921248277513,0.49908467557775166,5.666200058055948e+21,942010206169.6298,331790312075.7166,44649575.854951605,0.1409029047017501,5.666200058055947e+21,566619.0582794297,92102.8458764241
2047.0,57.235867035063634,1.0,0.6371626554525719,0.4966591129525719,5.720462892002253e+21,975696411665.7008,341984934184.846,45581857.26062308,0.14050411656747588,5.720462892002252e+21,572045.3325999995,92991.15536990232
2047.1,57.299434634505076,1.0,0.6341661852259812,0.49401425418598094,5.775245378354532e+21,1010405781724.5112,352264728625.36804,46507029.23833178,0.14014846862048028,5.775245378354531e+21,577523.572074264,93880.9008453411
2047.2,57.36271305863743,1.0,0.6312340290864925,0.4914337095064927,5.830552493721642e+21,1046161607293.8339,362825313308.63306,47450856.19270937,0.1397937212235791,5.830552493721641e+21,583054.2743622841,94772.03632036441
2047.3,57.4257040241868,1.0,0.6283660012093395,0.48891729308933934,5.8863892622566e+21,1082987179321.1973,373673733912.1191,48413711.48575206,0.13943987208576844,5.886389262256599e+21,588637.9418785151,95664.51638590345
2047.4,57.488407938715994,1.0,0.6255620452646314,0.48646494860463174,5.942760756226974e+21,1120905453762.0571,384817127423.8518,49395975.8889789,0.1390869189224901,5.942760756226973e+21,594275.0818488715,96558.277495914
2047.5,57.55081851855272,1.0,0.622817945971637,0.484072460771637,5.999672096474942e+21,1159948301484.4868,396262401368.7897,50398037.72904903,0.13873485945144506,5.999672096474941e+21,599966.2063567132,97453.16001800816
2047.6,57.61296610231903,1.0,0.6201278999208493,0.481734026180849,6.057128452883233e+21,1200159529575.664,408018785141.34454,51420293.03624056,0.1383836913923516,6.057128452883232e+21,605711.832389443,98349.53196946558
2047.7,57.6748525866241,1.0,0.6174910382552691,0.47944877597526925,6.115135044844259e+21,1241568034407.2107,420094112053.6905,52463145.69579493,0.13803341247874498,6.115135044844258e+21,611512.4818854367,99247.35779402417
2047.8,57.73647986807668,1.0,0.6149067194915354,0.4772160686715353,6.17369714173416e+21,1284202712350.466,432496402402.5724,53527007.60219944,0.13768402045049918,6.173697141734159e+21,617368.6817814207,100146.60255898078
2047.9,57.797849843286066,1.0,0.6123744930432995,0.4750354536832998,6.23282006339204e+21,1328092459777.1504,445233867821.861,54612298.81649161,0.13733551305373606,6.232820063392039e+21,623280.9640604225,101047.23195880056
2048.0,57.85896440886101,1.0,0.609894067225352,0.47290663932535204,6.292509180602486e+21,1373266173058.5918,458314915735.89923,55719447.72658288,0.13698788804075637,6.292509180602485e+21,629249.8658000003,101949.21231849483
2048.1,57.91982546141069,1.0,0.6072700165692788,0.4705969176992786,6.352769915663194e+21,1419752748566.4155,471515153046.81146,56820813.006316885,0.1366702556039355,6.352769915663193e+21,635275.9292290092,102852.51059677212
2048.2,57.98043489754412,1.0,0.6046997457992036,0.468340975959203,6.413607742641492e+21,1467581082672.148,485062967508.3676,57943804.17535532,0.13635335988929145,6.413607742641491e+21,641359.7017532823,103757.09438897278
2048.3,58.04079461387061,1.0,0.6021832070422156,0.46613876623221623,6.475028188106359e+21,1516780071747.5435,498966851025.9401,59088842.69304737,0.136037199180953,6.475028188106357e+21,647501.7360287752,104662.93192977304
2048.4,58.1009050090873,1.0,0.599720360894684,0.4639902491146843,6.537036831551222e+21,1567378472745.8499,513235382684.5492,60256358.16272483,0.13572177176738395,6.537036831551221e+21,653702.5900039162,105569.96943143233
2048.5,58.16075226063753,1.0,0.597305980381974,0.4618901976319741,6.599639305903192e+21,1619420107993.0913,527876259771.64996,61446788.48758291,0.13540707593744103,6.599639305903191e+21,659962.8269704555,106477.93692276711
2048.6,58.22036548920837,1.0,0.5949365422843006,0.45983508856430033,6.66284129803292e+21,1672955330917.294,542900586372.9552,62660580.029459976,0.13509310998341323,6.662841298032919e+21,666283.0156145247,107387.21672347742
2048.7,58.27974718119827,1.0,0.5926115218078906,0.45782439711789,6.726648549272172e+21,1728019598651.3835,558317773899.1481,63898187.77064775,0.13477987220620852,6.726648549272171e+21,672663.7300683291,108297.79116892346
2048.8,58.33889982300597,1.0,0.5903305685504872,0.4558577728904877,6.791066855935159e+21,1784648368328.5464,574137457038.547,65160075.47876145,0.13446736091105393,6.791066855935158e+21,679105.5499623235,109209.64341668728
2048.9,58.39782590102939,1.0,0.5880934789218297,0.45393501229183003,6.856102069844148e+21,1842877097081.1936,590369499039.8898,66446715.874702334,0.1341555744074478,6.856102069844147e+21,685609.0604777563,110122.75744624506
2049.0,58.45652790166728,1.0,0.5859001718120301,0.4520560342120301,6.921760098862738e+21,1902741242042.5044,607023997122.7448,67758590.80384965,0.13384451100910383,6.921760098862737e+21,692174.8523999994,111037.11805849659
2049.1,58.51500831131809,1.0,0.5835792150988943,0.4500223995188941,6.98804690746629e+21,1964276260345.4043,623836177353.3646,69065733.54262902,0.13355436756709535,6.988046907466288e+21,698803.5221755889,111952.71087510744
2049.2,58.573269616380294,1.0,0.5813038963369772,0.4480344027769767,7.054968517179926e+21,2027517609122.8188,641076497538.1194,70397924.42162217,0.13326485325563375,7.054968517179925e+21,705495.6719560365,112869.52233769256
2049.3,58.631314303252616,1.0,0.5790743236256326,0.4460921520856332,7.122531007229382e+21,2092500745507.9736,658755208591.2882,71755639.80864306,0.13297596670574793,7.122531007229381e+21,712251.9096628965,113787.5397068457
2049.4,58.689142732134236,1.0,0.5768901395614471,0.4441952900414473,7.190740515057694e+21,2159263000835.6301,676882599866.3635,73139365.05372778,0.13268770655133955,7.190740515057693e+21,719072.8490394388,114706.71718122055
2049.5,58.74672469545763,1.0,0.57474208463997,0.44233455713997005,7.259603236884384e+21,2227877595668.167,695466241037.2052,74549594.65689321,0.13240007142406873,7.259603236884383e+21,725959.109706592,115626.5196192378
2049.6,58.80409332418536,1.0,0.5726346784792185,0.4405144729992182,7.329125428267489e+21,2298371805697.3086,714519893554.1185,75986832.43893342,0.13211305996646702,7.329125428267488e+21,732911.3172191024,116547.4216591964
2049.7,58.86125362088777,1.0,0.57056637476666,0.43873349130665945,7.399313404671705e+21,2370794787470.5005,734055014143.9954,77451591.71539705,0.1318266708208404,7.399313404671704e+21,739930.1031223922,117469.45356426036
2049.8,58.91821058813548,1.0,0.5685359325834622,0.4369903711434628,7.470173542042828e+21,2445195697535.5303,754083344005.0743,78944395.47377907,0.13154090263287538,7.470173542042827e+21,747016.1050099671,118392.64720009964
2049.9,58.97496922849833,1.0,0.5665423787998856,0.43528413937988586,7.541712277385258e+21,2521623692439.1655,774616916227.1354,80465776.55394652,0.13125575405158516,7.541712277385257e+21,754169.9665811987,119317.03602574655
2050.0,59.03153454454693,1.0,0.5645849743196012,0.4336140569196012,7.613936109349017e+21,2600127928729.1855,795668063414.4653,82016277.83196269,0.1309712237292491,7.613936109349016e+21,761392.3376999998,120242.65508445089
