year,intended_doubling_time_months,mistaken_doubling_time_months
2021.0,11.25,32.755442134624076
2021.0062062062061,11.238828828828993,32.67147360582412
2021.0124124124125,11.227657657657574,32.587679531575404
2021.0186186186186,11.216486486486566,32.50405963428072
2021.024824824825,11.205315315315147,32.420613636637256
2021.031031031031,11.19414414414414,32.33734126166079
2021.0372372372372,11.182972972973129,32.254242232664176
2021.0434434434435,11.171801801801713,32.1713162732663
2021.0496496496496,11.160630630630703,32.08856310740101
2021.055855855856,11.149459459459287,32.005982459295645
2021.062062062062,11.138288288288276,31.923574053495173
2021.0682682682682,11.127117117117269,31.84133761484066
2021.0744744744745,11.11594594594585,31.759272868478362
2021.0806806806806,11.104774774774842,31.677379539868426
2021.086886886887,11.093603603603423,31.595657354763674
2021.093093093093,11.082432432432416,31.514106039233397
2021.0992992992992,11.071261261261405,31.432725319642316
2021.1055055055056,11.06009009008999,31.35151492265925
2021.1117117117117,11.048918918918979,31.2704745752659
2021.117917917918,11.037747747747563,31.189604004735834
2021.1241241241241,11.026576576576552,31.108902938658083
2021.1303303303303,11.015405405405545,31.02837110491613
2021.1365365365366,11.004234234234126,30.94800823169671
2021.1427427427427,10.993063063063119,30.867814047498356
2021.148948948949,10.9818918918917,30.787788281110664
2021.1551551551552,10.970720720720692,30.707930661637644
2021.1613613613613,10.959549549549685,30.62824091847689
2021.1675675675676,10.948378378378266,30.548718781328258
2021.1737737737737,10.937207207207258,30.469363980202452
2021.17997997998,10.926036036035839,30.390176245400394
2021.1861861861862,10.914864864864832,30.31115530753626
2021.1923923923923,10.903693693693821,30.232300897517096
2021.1985985985987,10.892522522522405,30.153612746551204
2021.2048048048048,10.881351351351395,30.075090586156694
2021.2110110110111,10.870180180179979,29.99673414814108
2021.2172172172172,10.859009009008968,29.918543164624083
2021.2234234234234,10.847837837837961,29.840517368017387
2021.2296296296297,10.836666666666542,29.762656491033084
2021.2358358358358,10.825495495495534,29.68496026669193
2021.242042042042,10.814324324324524,29.607428428306186
2021.2482482482483,10.803153153153108,29.530060709487877
2021.2544544544544,10.791981981982097,29.452856844157186
2021.2606606606607,10.780810810810681,29.37581656652234
2021.2668668668668,10.76963963963967,29.298939611102156
2021.273073073073,10.758468468468664,29.222225712705978
2021.2792792792793,10.747297297297244,29.14567460644209
2021.2854854854854,10.736126126126237,29.069286027725784
2021.2916916916918,10.724954954954818,28.993059712259665
2021.2978978978979,10.71378378378381,28.91699539605584
2021.304104104104,10.702612612612803,28.841092815416104
2021.3103103103103,10.691441441441384,28.765351706940184
2021.3165165165165,10.680270270270377,28.689771807533887
2021.3227227227228,10.669099099098958,28.614352854389445
2021.328928928929,10.65792792792795,28.539094585007565
2021.335135135135,10.64675675675694,28.46399673717774
2021.3413413413414,10.635585585585524,28.389059048986518
2021.3475475475475,10.624414414414513,28.314281258825474
2021.3537537537538,10.613243243243097,28.23966310537179
2021.35995995996,10.602072072072087,28.165204327610017
2021.366166166166,10.59090090090108,28.090904664812697
2021.3723723723724,10.57972972972966,28.016763856548515
2021.3785785785785,10.568558558558653,27.942781642690072
2021.3847847847849,10.557387387387234,27.86895776339479
2021.390990990991,10.546216216216227,27.79529195912643
2021.397197197197,10.535045045045216,27.721783970635883
2021.4034034034034,10.5238738738738,27.6484335389692
2021.4096096096096,10.51270270270279,27.57524040547537
2021.415815815816,10.501531531531374,27.50220431178736
2021.422022022022,10.490360360360363,27.429324999843438
2021.4282282282281,10.479189189189356,27.35660221186815
2021.4344344344345,10.468018018017936,27.284035690380207
2021.4406406406406,10.456846846846929,27.211625178200308
2021.446846846847,10.44567567567551,27.139370418432314
2021.453053053053,10.434504504504503,27.06727115448423
2021.4592592592592,10.423333333333495,26.99532713004958
2021.4654654654655,10.412162162162076,26.92353808911512
2021.4716716716716,10.400990990991069,26.851903775968527
2021.477877877878,10.38981981981965,26.780423935179805
2021.484084084084,10.378648648648642,26.70909831162212
2021.4902902902902,10.367477477477632,26.637926650453227
2021.4964964964965,10.356306306306216,26.566908697123246
2021.5027027027027,10.345135135135205,26.496044197382126
2021.508908908909,10.33396396396379,26.42533289726137
2021.5151151151151,10.322792792792779,26.354774543094585
2021.5213213213212,10.311621621621772,26.284368881499127
2021.5275275275276,10.300450450450352,26.2141156593837
2021.5337337337337,10.289279279279345,26.14401462395594
2021.53993993994,10.278108108107926,26.074065522704135
2021.5461461461462,10.266936936936919,26.004268103417637
2021.5523523523523,10.255765765765908,25.934622114168704
2021.5585585585586,10.244594594594492,25.865127303320023
2021.5647647647647,10.233423423423481,25.795783419532157
2021.570970970971,10.222252252252066,25.726590211745535
2021.5771771771772,10.211081081081055,25.657547429200555
2021.5833833833833,10.199909909910048,25.588654821419734
2021.5895895895897,10.188738738738628,25.519912138215034
2021.5957957957958,10.177567567567621,25.451319129695293
2021.602002002002,10.166396396396202,25.38287554624836
2021.6082082082082,10.155225225225195,25.31458113856108
2021.6144144144143,10.144054054054187,25.24643565760149
2021.6206206206207,10.132882882882768,25.17843885462618
2021.6268268268268,10.121711711711761,25.110590481187575
2021.6330330330331,10.110540540540342,25.04289028911631
2021.6392392392393,10.099369369369334,24.975338030540982
2021.6454454454454,10.088198198198324,24.907933457870442
2021.6516516516517,10.077027027026908,24.84067632380126
2021.6578578578578,10.065855855855897,24.773566381324805
2021.6640640640642,10.054684684684482,24.706603383709826
2021.6702702702703,10.04351351351347,24.63978708452192
2021.6764764764764,10.032342342342464,24.573117237606212
2021.6826826826828,10.021171171171044,24.506593597094536
2021.6888888888889,10.010000000000037,24.44021591741251
2021.6950950950952,9.998828828828618,24.373983953262304
2021.7013013013013,9.98765765765761,24.307897459641943
2021.7075075075074,9.9764864864866,24.241956191828095
2021.7137137137138,9.965315315315184,24.17615990538321
2021.71991991992,9.954144144144173,24.110508356162473
2021.726126126126,9.942972972973166,24.04500130029927
2021.7323323323324,9.931801801801747,23.979638494212136
2021.7385385385385,9.92063063063074,23.91441969461185
2021.7447447447448,9.90945945945932,23.849344658484355
2021.750950950951,9.898288288288313,23.784413143109845
2021.757157157157,9.887117117117306,23.719624906045745
2021.7633633633634,9.875945945945887,23.65497970513379
2021.7695695695695,9.86477477477488,23.59047729850685
2021.7757757757759,9.85360360360346,23.526117444572236
2021.781981981982,9.842432432432453,23.4618999020304
2021.788188188188,9.831261261261442,23.39782442985822
2021.7943943943944,9.820090090090027,23.3338907873159
2021.8006006006005,9.808918918919016,23.270098733953823
2021.806806806807,9.7977477477476,23.206448029595975
2021.813013013013,9.78657657657659,23.142938434358413
2021.8192192192191,9.775405405405582,23.07956970863279
2021.8254254254255,9.764234234234163,23.016341613093182
2021.8316316316316,9.753063063063156,22.953253908702813
2021.837837837838,9.741891891891736,22.890306356697643
2021.844044044044,9.73072072072073,22.82749871860475
2021.8502502502502,9.719549549549718,22.764830756225905
2021.8564564564565,9.708378378378303,22.702302231644378
2021.8626626626626,9.697207207207292,22.63991290723156
2021.868868868869,9.686036036035876,22.577662545630822
2021.875075075075,9.674864864864865,22.51555090977555
2021.8812812812812,9.663693693693858,22.453577762872982
2021.8874874874875,9.652522522522439,22.39174286841096
2021.8936936936936,9.641351351351432,22.33004599016443
2021.8998998999,9.630180180180012,22.26848689217945
2021.906106106106,9.619009009009005,22.207065338791118
2021.9123123123122,9.607837837837998,22.145781094607507
2021.9185185185186,9.596666666666579,22.084633924516346
2021.9247247247247,9.585495495495572,22.02362359369151
2021.930930930931,9.574324324324152,21.962749867577138
2021.9371371371371,9.563153153153145,21.902012511905344
2021.9433433433433,9.551981981982134,21.841411292680426
2021.9495495495496,9.540810810810719,21.78094597618539
2021.9557557557557,9.529639639639708,21.72061632898834
2021.961961961962,9.518468468468292,21.66042211792687
2021.9681681681682,9.507297297297281,21.60036311012551
2021.9743743743743,9.496126126126272,21.54043907298012
2021.9805805805806,9.484954954954855,21.48064977416432
2021.9867867867868,9.473783783783846,21.42099498163586
2021.992992992993,9.462612612612428,21.361474463621136
2021.9991991991992,9.45144144144142,21.302087988632447
2022.0054054054053,9.44027027027041,21.24283532545258
2022.0116116116117,9.429099099098993,21.183716243141156
2022.0178178178178,9.417927927927984,21.12473051104091
2022.0240240240241,9.406756756756566,21.06587789876243
2022.0302302302302,9.395585585585557,21.007158176201138
2022.0364364364364,9.38441441441455,20.94857111352213
2022.0426426426427,9.373243243243131,20.890116481166377
2022.0488488488488,9.362072072072124,20.831794049857024
2022.0550550550552,9.350900900900704,20.77360359058414
2022.0612612612613,9.339729729729697,20.715544874621717
2022.0674674674674,9.32855855855869,20.657617673512487
2022.0736736736737,9.31738738738727,20.599821759074167
2022.0798798798799,9.306216216216264,20.542156903405658
2022.0860860860862,9.295045045044844,20.484622878871928
2022.0922922922923,9.283873873873837,20.427219458120863
2022.0984984984984,9.272702702702826,20.369946414068245
2022.1047047047048,9.26153153153141,20.31280351990393
2022.110910910911,9.2503603603604,20.255790549097874
2022.1171171171172,9.239189189188984,20.19890727538541
2022.1233233233233,9.228018018017973,20.142153472783658
2022.1295295295295,9.216846846846964,20.08552891557682
2022.1357357357358,9.205675675675547,20.02903337832224
2022.141941941942,9.194504504504538,19.97266663585641
2022.1481481481483,9.18333333333312,19.916428463280308
2022.1543543543544,9.172162162162111,19.860318635975716
2022.1605605605605,9.160990990991102,19.80433692959064
2022.1667667667668,9.149819819819685,19.7484831200453
2022.172972972973,9.138648648648676,19.692756983538082
2022.1791791791793,9.127477477477258,19.63715829653099
2022.1853853853854,9.11630630630625,19.581686835765883
2022.1915915915915,9.105135135135242,19.526342378249947
2022.1977977977979,9.093963963963823,19.471124701261665
2022.204004004004,9.082792792792816,19.416033582356672
2022.21021021021,9.071621621621807,19.361068799355465
2022.2164164164165,9.06045045045039,19.306230130349267
2022.2226226226226,9.04927927927938,19.251517353705896
2022.228828828829,9.038108108107963,19.19693024805545
2022.235035035035,9.026936936936954,19.14246859230626
2022.2412412412411,9.015765765765945,19.088132165630608
2022.2474474474475,9.004594594594527,19.033920747470646
2022.2536536536536,8.993423423423518,18.979834117544026
2022.25985985986,8.9822522522521,18.925872055829974
2022.266066066066,8.971081081081092,18.87203434258485
2022.2722722722722,8.959909909910083,18.818320758328163
2022.2784784784785,8.948738738738665,18.764731083848304
2022.2846846846846,8.937567567567656,18.711265100208276
2022.290890890891,8.926396396396239,18.657922588731743
2022.297097097097,8.91522522522523,18.604703331018516
2022.3033033033032,8.904054054054221,18.551607108930707
2022.3095095095096,8.892882882882803,18.498633704598394
2022.3157157157157,8.881711711711795,18.445782900425293
2022.321921921922,8.870540540540377,18.39305447907489
2022.3281281281281,8.859369369369368,18.340448223485872
2022.3343343343342,8.84819819819836,18.287963916858367
2022.3405405405406,8.837027027026942,18.235601342659535
2022.3467467467467,8.825855855855934,18.183360284629153
2022.352952952953,8.814684684684515,18.131240526766007
2022.3591591591592,8.803513513513508,18.07924185334305
2022.3653653653653,8.792342342342499,18.027364048893798
2022.3715715715716,8.781171171171081,17.975606898217883
2022.3777777777777,8.770000000000072,17.923970186386615
2022.383983983984,8.758828828828655,17.872453698729455
2022.3901901901902,8.747657657657646,17.821057220848992
2022.3963963963963,8.736486486486637,17.769780538607563
2022.4026026026027,8.72531531531522,17.718623438132724
2022.4088088088088,8.71414414414421,17.66758570582266
2022.4150150150151,8.702972972972793,17.61666712833294
2022.4212212212212,8.691801801801784,17.565867492591217
2022.4274274274273,8.680630630630775,17.515186585784054
2022.4336336336337,8.669459459459357,17.46462419536231
2022.4398398398398,8.658288288288349,17.41418010904651
2022.4460460460461,8.647117117116931,17.363854114813684
2022.4522522522523,8.635945945945922,17.313646000912
2022.4584584584584,8.624774774774913,17.26355555584767
2022.4646646646647,8.613603603603496,17.21358256839025
2022.4708708708708,8.602432432432487,17.16372682757801
2022.4770770770772,8.591261261261069,17.11398812270489
2022.4832832832833,8.58009009009006,17.06436624333499
2022.4894894894894,8.568918918919053,17.014860979289523
2022.4956956956958,8.557747747747634,16.965472120652223
2022.5019019019019,8.546576576576626,16.91619945777451
2022.5081081081082,8.535405405405207,16.86704278126267
2022.5143143143143,8.5242342342342,16.818001881992085
2022.5205205205204,8.513063063063191,16.76907655109449
2022.5267267267268,8.501891891891773,16.72026657996316
2022.532932932933,8.490720720720764,16.67157176025809
2022.5391391391393,8.479549549549347,16.622991883893327
2022.5453453453454,8.468378378378338,16.574526743051003
2022.5515515515515,8.457207207207329,16.52617613016875
2022.5577577577578,8.446036036035911,16.477939837944835
2022.563963963964,8.434864864864903,16.429817659343247
2022.5701701701703,8.423693693693485,16.381809387581207
2022.5763763763764,8.412522522522476,16.333914816143036
2022.5825825825825,8.401351351351467,16.286133738767695
2022.5887887887889,8.39018018018005,16.238465949453854
2022.594994994995,8.37900900900904,16.190911242464942
2022.6012012012013,8.367837837837623,16.14346941231679
2022.6074074074074,8.356666666666614,16.096140253791326
2022.6136136136136,8.345495495495605,16.048923561924255
2022.61981981982,8.334324324324188,16.001819132010095
2022.626026026026,8.323153153153179,15.954826759607174
2022.6322322322324,8.311981981981761,15.90794624052531
2022.6384384384385,8.300810810810752,15.86117737083951
2022.6446446446446,8.289639639639745,15.814519946877663
2022.650850850851,8.278468468468326,15.767973765225555
2022.657057057057,8.267297297297318,15.721538622731831
2022.6632632632634,8.2561261261259,15.675214316495781
2022.6694694694695,8.244954954954892,15.629000643880875
2022.6756756756756,8.233783783783885,15.582897402502649
2022.681881881882,8.222612612612465,15.536904390233612
2022.688088088088,8.211441441441458,15.491021405208112
2022.6942942942942,8.200270270270448,15.445248245812067
2022.7005005005005,8.189099099099032,15.399584710687849
2022.7067067067067,8.177927927928021,15.35403059873904
2022.712912912913,8.166756756756605,15.308585709118663
2022.7191191191191,8.155585585585595,15.263249841242256
2022.7253253253252,8.144414414414586,15.218022794776079
2022.7315315315316,8.133243243243168,15.172904369641886
2022.7377377377377,8.122072072072159,15.127894366021764
2022.743943943944,8.110900900900742,15.082992584346336
2022.7501501501501,8.099729729729733,15.038198825307758
2022.7563563563563,8.088558558558724,14.993512889848091
2022.7625625625626,8.077387387387306,14.948934579163954
2022.7687687687687,8.066216216216297,14.904463694711335
2022.774974974975,8.05504504504488,14.860100038193925
2022.7811811811812,8.04387387387387,14.81584341157598
2022.7873873873873,8.032702702702863,14.77169361707075
2022.7935935935936,8.021531531531444,14.727650457145215
2022.7997997997998,8.010360360360437,14.68371373452471
2022.806006006006,7.999189189189019,14.639883252181427
2022.8122122122122,7.9880180180180105,14.59615881334717
2022.8184184184183,7.9768468468470015,14.552540221501879
2022.8246246246247,7.965675675675584,14.509027280378305
2022.8308308308308,7.954504504504575,14.465619793966573
2022.8370370370371,7.9433333333331575,14.422317566502873
2022.8432432432433,7.9321621621621485,14.379120402481991
2022.8494494494494,7.92099099099114,14.336028106646015
2022.8556556556557,7.909819819819722,14.293040483988914
2022.8618618618618,7.898648648648713,14.250157339761088
2022.8680680680682,7.8874774774772956,14.207378479458168
2022.8742742742743,7.876306306306287,14.164703708833382
2022.8804804804804,7.865135135135278,14.122132833886411
2022.8866866866867,7.85396396396386,14.079665660867924
2022.8928928928929,7.842792792792851,14.037301996284056
2022.8990990990992,7.831621621621434,13.995041646885326
2022.9053053053053,7.820450450450425,13.95288441967887
2022.9115115115114,7.809279279279417,13.91083012191744
2022.9177177177178,7.798108108107998,13.86887856110387
2022.923923923924,7.78693693693699,13.827029544995472
2022.9301301301302,7.775765765765572,13.785282881593123
2022.9363363363364,7.764594594594564,13.743638379153353
2022.9425425425425,7.7534234234235555,13.702095846177453
2022.9487487487488,7.742252252252137,13.660655091415844
2022.954954954955,7.731081081081129,13.619315923872534
2022.9611611611613,7.719909909909711,13.578078152794223
2022.9673673673674,7.7087387387387025,13.536941587682275
2022.9735735735735,7.697567567567694,13.495906038281994
2022.9797797797798,7.686396396396276,13.454971314586903
2022.985985985986,7.675225225225267,13.41413722684312
2022.9921921921923,7.6640540540538495,13.373403585538671
2022.9983983983984,7.652882882882841,13.332770201415236
2023.0046046046045,7.641711711711832,13.292236885457573
2023.0108108108109,7.630540540540414,13.2518034488978
2023.017017017017,7.619369369369405,13.211469703219645
2023.0232232232233,7.608198198197988,13.171235460147884
2023.0294294294295,7.597027027026979,13.131100531660014
2023.0356356356356,7.58585585585597,13.091064729975752
2023.041841841842,7.574684684684552,13.051127867561254
2023.048048048048,7.563513513513543,13.011289757133323
2023.0542542542544,7.552342342342126,12.97155021164901
2023.0604604604605,7.541171171171117,12.931909044317099
2023.0666666666666,7.530000000000109,12.892366068587712
2023.072872872873,7.51882882882869,12.852921098156543
2023.079079079079,7.507657657657682,12.813573946968972
2023.0852852852854,7.496486486486264,12.774324429209784
2023.0914914914915,7.485315315315256,12.73517235931453
2023.0976976976976,7.4741441441442475,12.696117551959247
2023.103903903904,7.462972972972829,12.657159822064637
2023.11011011011,7.451801801801821,12.618298984800134
2023.1163163163164,7.440630630630403,12.579534855573765
2023.1225225225226,7.429459459459395,12.54086725004331
2023.1287287287287,7.418288288288386,12.502295984106217
2023.134934934935,7.407117117116968,12.463820873903694
2023.1411411411411,7.395945945945959,12.425441735824721
2023.1473473473475,7.384774774774542,12.387158386496013
2023.1535535535536,7.373603603603533,12.348970642793123
2023.1597597597597,7.362432432432524,12.310878321830398
2023.165965965966,7.351261261261106,12.272881240965008
2023.1721721721722,7.340090090090097,12.234979217800982
2023.1783783783783,7.328918918919088,12.197172070180642
2023.1845845845846,7.317747747747671,12.159459616188613
2023.1907907907907,7.306576576576662,12.121841674155768
2023.196996996997,7.295405405405244,12.084318062649398
2023.2032032032032,7.284234234234235,12.046888600484078
2023.2094094094093,7.273063063063227,12.009553106711785
2023.2156156156157,7.261891891891809,11.972311400625951
2023.2218218218218,7.250720720720801,11.935163301765279
2023.2280280280281,7.239549549549382,11.898108629904069
2023.2342342342342,7.228378378378374,11.861147205062911
2023.2404404404404,7.217207207207366,11.824278847498999
2023.2466466466467,7.206036036035948,11.787503377710015
2023.2528528528528,7.19486486486494,11.75082061643802
2023.2590590590592,7.183693693693521,11.714230384659825
2023.2652652652653,7.172522522522513,11.67773250359754
2023.2714714714714,7.161351351351504,11.641326794709057
2023.2776776776777,7.150180180180087,11.605013079691858
2023.2838838838838,7.139009009009078,11.568791180486825
2023.2900900900902,7.12783783783766,11.532660919268798
2023.2962962962963,7.116666666666651,11.496622118456925
2023.3025025025024,7.105495495495641,11.460674600705289
2023.3087087087088,7.094324324324225,11.424818188906686
2023.3149149149149,7.083153153153215,11.389052706196342
2023.3211211211212,7.071981981981798,11.3533779759426
2023.3273273273273,7.060810810810788,11.317793821757183
2023.3335335335335,7.04963963963978,11.282300067485881
2023.3397397397398,7.038468468468362,11.246896537212283
2023.345945945946,7.027297297297354,11.2115830552615
2023.3521521521523,7.016126126125935,11.176359446190897
2023.3583583583584,7.004954954954927,11.141225534800263
2023.3645645645645,6.993783783783919,11.10618114612261
2023.3707707707708,6.982612612612501,11.07122610542785
2023.376976976977,6.971441441441493,11.03636023822649
2023.3831831831833,6.960270270270074,11.00158337026042
2023.3893893893894,6.949099099099066,10.966895327513033
2023.3955955955955,6.937927927928058,10.93229593620007
2023.4018018018019,6.92675675675664,10.897785022773304
2023.408008008008,6.915585585585632,10.863362413924115
2023.4142142142143,6.904414414414213,10.829027936574473
2023.4204204204204,6.893243243243205,10.794781417886881
2023.4266266266266,6.882072072072196,10.76062268525534
2023.432832832833,6.870900900900779,10.726551566308988
2023.439039039039,6.85972972972977,10.69256788891562
2023.4452452452454,6.848558558558352,10.658671481172808
2023.4514514514515,6.837387387387343,10.624862171417693
2023.4576576576576,6.826216216216333,10.591139788218038
2023.463863863864,6.815045045044917,10.557504160375887
2023.47007007007,6.803873873873907,10.523955116930978
2023.4762762762764,6.79270270270249,10.490492487152022
2023.4824824824825,6.78153153153148,10.45711610054628
2023.4886886886886,6.770360360360472,10.423825786850866
2023.494894894895,6.759189189189054,10.390621376036227
2023.501101101101,6.748018018018046,10.357502698309592
2023.5073073073074,6.736846846846627,10.324469584106295
2023.5135135135135,6.725675675675619,10.291521864099318
2023.5197197197197,6.714504504504611,10.258659369190617
2023.525925925926,6.703333333333193,10.22588193051457
2023.5321321321321,6.692162162162185,10.193189379441435
2023.5383383383385,6.680990990990766,10.160581547568734
2023.5445445445446,6.669819819819758,10.128058266730656
2023.5507507507507,6.65864864864875,10.095619368989558
2023.556956956957,6.647477477477332,10.063264686639306
2023.5631631631632,6.636306306306324,10.030994052208696
2023.5693693693695,6.625135135134905,9.998807298452983
2023.5755755755756,6.613963963963897,9.966704258363123
2023.5817817817817,6.602792792792888,9.934684765157371
2023.587987987988,6.591621621621471,9.902748652284643
2023.5941941941942,6.580450450450462,9.870895753427831
2023.6004004004005,6.569279279279044,9.839125902495429
2023.6066066066066,6.558108108108035,9.80743893363072
2023.6128128128128,6.546936936937025,9.77583468120342
2023.619019019019,6.535765765765609,9.744312979813017
2023.6252252252252,6.524594594594599,9.712873664292035
2023.6314314314313,6.513423423423591,9.681516569698926
2023.6376376376377,6.502252252252172,9.650241531321377
2023.6438438438438,6.491081081081164,9.619048384679576
2023.6500500500501,6.479909909909746,9.587936965517962
2023.6562562562563,6.468738738738738,9.556907109814247
2023.6624624624624,6.45756756756773,9.525958653771236
2023.6686686686687,6.446396396396311,9.495091433820058
2023.6748748748748,6.435225225225303,9.464305286623404
2023.6810810810812,6.424054054053885,9.43360004906741
2023.6872872872873,6.412882882882877,9.402975558270532
2023.6934934934934,6.401711711711869,9.372431651575457
2023.6996996996997,6.39054054054045,9.341968166552313
2023.7059059059059,6.379369369369442,9.311584941001872
2023.7121121121122,6.368198198198024,9.281281812947507
2023.7183183183183,6.357027027027016,9.251058620643954
2023.7245245245244,6.345855855856007,9.220915202569351
2023.7307307307308,6.334684684684589,9.1908513974284
2023.736936936937,6.32351351351358,9.160867044155484
2023.7431431431432,6.312342342342163,9.130961981906777
2023.7493493493494,6.301171171171154,9.101136050068872
2023.7555555555555,6.290000000000144,9.071389088250907
2023.7617617617618,6.278828828828727,9.041720936287712
2023.767967967968,6.267657657657717,9.01213143424285
2023.7741741741743,6.256486486486301,8.98262042240086
2023.7803803803804,6.245315315315291,8.953187741275741
2023.7865865865865,6.234144144144283,8.923833231603211
2023.7927927927929,6.2229729729728644,8.89455673434378
2023.798998998999,6.211801801801856,8.865358090685756
2023.8052052052053,6.200630630630438,8.836237142037609
2023.8114114114114,6.18945945945943,8.807193730036328
2023.8176176176175,6.178288288288422,8.778227696539753
2023.823823823824,6.167117117117003,8.749338883629637
2023.83003003003,6.155945945945995,8.72052713361464
2023.8362362362363,6.144774774774577,8.6917922890227
2023.8424424424425,6.133603603603569,8.663134192609366
2023.8486486486486,6.122432432432561,8.634552687350183
2023.854854854855,6.111261261261142,8.60604761644374
2023.861061061061,6.100090090090134,8.577618823314564
2023.8672672672674,6.088918918918716,8.54926615160568
2023.8734734734735,6.077747747747708,8.520989445186748
2023.8796796796796,6.066576576576699,8.492788548146603
2023.885885885886,6.055405405405281,8.464663304796229
2023.892092092092,6.044234234234272,8.436613559671624
2023.8982982982984,6.033063063062855,8.408639157526451
2023.9045045045045,6.021891891891846,8.380739943340076
2023.9107107107106,6.010720720720836,8.3529157623102
2023.916916916917,5.999549549549419,8.325166459855764
2023.923123123123,5.98837837837841,8.297491881619827
2023.9293293293294,5.977207207206993,8.269891873462281
2023.9355355355356,5.966036036035984,8.242366281467763
2023.9417417417417,5.954864864864975,8.214914951938413
2023.947947947948,5.943693693693557,8.187537731396738
2023.9541541541541,5.932522522522548,8.16023446658844
2023.9603603603605,5.921351351351131,8.13300500447519
2023.9665665665666,5.910180180180122,8.10584919224251
2023.9727727727727,5.899009009009114,8.07876687729257
2023.978978978979,5.887837837837695,8.051757907247008
2023.9851851851852,5.876666666666687,8.024822129949754
2023.9913913913915,5.865495495495269,7.9979593934598725
2023.9975975975976,5.854324324324261,7.971169546059343
2024.0038038038037,5.843153153153252,7.944452436245934
2024.01001001001,5.831981981981834,7.917807912736043
2024.0162162162162,5.820810810810825,7.891235824467385
2024.0224224224226,5.809639639639408,7.8647360205920265
2024.0286286286287,5.798468468468399,7.838308350483995
2024.0348348348348,5.787297297297391,7.811952663732262
2024.0410410410411,5.776126126125972,7.7856688101435445
2024.0472472472472,5.764954954954964,7.759456639744974
2024.0534534534536,5.753783783783546,7.733316002777199
2024.0596596596597,5.742612612612538,7.707246749701871
2024.0658658658658,5.731441441441529,7.681248731194787
2024.0720720720722,5.720270270270111,7.655321798148583
2024.0782782782783,5.709099099099102,7.629465801675385
2024.0844844844846,5.697927927927685,7.603680593100023
2024.0906906906907,5.686756756756676,7.577966023967402
2024.0968968968969,5.675585585585667,7.55232194603571
2024.1031031031032,5.664414414414249,7.526748211279118
2024.1093093093093,5.6532432432432405,7.501244671890355
2024.1155155155154,5.642072072072232,7.475811180274958
2024.1217217217218,5.630900900900814,7.45044758905388
2024.1279279279279,5.619729729729806,7.425153751066136
2024.1341341341342,5.6085585585583875,7.3999295193620584
2024.1403403403403,5.597387387387379,7.3747747472106155
2024.1465465465465,5.58621621621637,7.3496892880927085
2024.1527527527528,5.575045045044953,7.324672995703791
2024.158958958959,5.563873873873944,7.299725723956431
2024.1651651651653,5.552702702702526,7.274847326973741
2024.1713713713714,5.5415315315315175,7.250037659096499
2024.1775775775775,5.530360360360509,7.225296574876582
2024.1837837837838,5.519189189189091,7.200623929079548
2024.18998998999,5.508018018018083,7.1760195766871675
2024.1961961961963,5.4968468468466645,7.151483372890901
2024.2024024024024,5.485675675675656,7.127015173098969
2024.2086086086085,5.474504504504647,7.102614832929839
2024.2148148148149,5.46333333333323,7.0782822082148
2024.221021021021,5.452162162162221,7.054017155000404
2024.2272272272273,5.440990990990803,7.029819529542115
2024.2334334334334,5.4298198198197944,7.005689188311182
2024.2396396396396,5.4186486486487855,6.981625987988301
2024.245845845846,5.407477477477368,6.957629785466091
2024.252052052052,5.396306306306359,6.933700437851538
2024.2582582582584,5.3851351351349415,6.909837802459684
2024.2644644644645,5.3739639639639325,6.886041736820467
2024.2706706706706,5.3627927927929235,6.8623120986724215
2024.276876876877,5.351621621621506,6.838648745965101
2024.283083083083,5.340450450450497,6.815051536861558
2024.2892892892894,5.3292792792790795,6.791520329732058
2024.2954954954955,5.3181081081080706,6.76805498316082
2024.3017017017016,5.3069369369370625,6.7446553559398446
2024.307907907908,5.295765765765644,6.721321307071278
2024.314114114114,5.284594594594636,6.698052695769841
2024.3203203203204,5.273423423423218,6.674849381456636
2024.3265265265265,5.2622522522522095,6.651711223765826
2024.3327327327327,5.251081081081201,6.628638082538485
2024.338938938939,5.239909909909782,6.605629817824982
2024.3451451451451,5.228738738738775,6.582686289887341
2024.3513513513515,5.217567567567356,6.559807359193137
2024.3575575575576,5.206396396396348,6.536992886422103
2024.3637637637637,5.1952252252253395,6.5142427324600165
2024.36996996997,5.184054054053922,6.491556758401112
2024.3761761761762,5.172882882882913,6.468934825550333
2024.3823823823825,5.1617117117114955,6.446376795417389
2024.3885885885886,5.1505405405404865,6.4238825297231905
2024.3947947947947,5.1393693693694775,6.4014518903938775
2024.401001001001,5.12819819819806,6.379084739563176
2024.4072072072072,5.117027027027051,6.356780939574589
2024.4134134134135,5.1058558558556335,6.334540352975598
2024.4196196196197,5.0946846846846245,6.3123628425239335
2024.4258258258258,5.0835135135136165,6.290248271181744
2024.432032032032,5.072342342342198,6.268196502117863
2024.4382382382382,5.06117117117119,6.246207398710035
2024.4444444444446,5.049999999999772,6.224280824539122
2024.4506506506507,5.0388288288287635,6.202416643395335
2024.4568568568568,5.027657657657754,6.180614719272464
2024.4630630630631,5.016486486486337,6.158874916370113
2024.4692692692693,5.005315315315327,6.137197099095892
2024.4754754754756,4.9941441441439105,6.115581132059708
2024.4816816816817,4.982972972972901,6.094026880079886
2024.4878878878878,4.9718018018018935,6.072534208177521
2024.4940940940942,4.960630630630474,6.051102981578615
2024.5003003003003,4.949459459459467,6.029733065716317
2024.5065065065066,4.938288288288048,6.008424326225203
2024.5127127127128,4.9271171171170405,5.987176628947387
2024.5189189189189,4.915945945946031,5.965989839926904
2024.5251251251252,4.904774774774614,5.944863825411829
2024.5313313313313,4.893603603603604,5.92379845185647
2024.5375375375377,4.8824324324321875,5.902793585915761
2024.5437437437438,4.871261261261178,5.881849094451237
2024.54994994995,4.86009009009017,5.860964844525537
2024.5561561561562,4.848918918918751,5.840140703404462
2024.5623623623624,4.837747747747743,5.81937653855915
2024.5685685685687,4.826576576576325,5.798672217660521
2024.5747747747748,4.815405405405317,5.77802760858523
2024.580980980981,4.8042342342343085,5.757442579410143
2024.5871871871873,4.79306306306289,5.736916998414467
2024.5933933933934,4.781891891891882,5.716450734081819
2024.5995995995995,4.770720720720872,5.6960436550955365
2024.6058058058059,4.7595495495494555,5.675695630340791
2024.612012012012,4.748378378378446,5.6554065289065925
2024.6182182182183,4.737207207207029,5.635176220080477
2024.6244244244244,4.726036036036019,5.61500457335419
2024.6306306306305,4.714864864865012,5.594891458418413
2024.636836836837,4.703693693693593,5.574836745164746
2024.643043043043,4.6925225225225855,5.554840303687778
2024.6492492492494,4.681351351351166,5.534902004279752
2024.6554554554555,4.670180180180159,5.515021717436257
2024.6616616616616,4.659009009009149,5.495199313850954
2024.667867867868,4.6478378378377325,5.475434664417568
2024.674074074074,4.636666666666723,5.455727640231911
2024.6802802802804,4.625495495495306,5.436078112586635
2024.6864864864865,4.614324324324296,5.416485952976819
2024.6926926926926,4.603153153153288,5.396951033094791
2024.698898898899,4.59198198198187,5.377473224832075
2024.705105105105,4.580810810810862,5.358052400281384
2024.7113113113114,4.569639639639443,5.338688431731441
2024.7175175175175,4.558468468468435,5.319381191672513
2024.7237237237237,4.547297297297427,5.300130552791251
2024.72992992993,4.536126126126009,5.280936387972666
2024.736136136136,4.5249549549550006,5.261798570302052
2024.7423423423425,4.513783783783582,5.2427169730598875
2024.7485485485486,4.502612612612574,5.223691469727297
2024.7547547547547,4.491441441441564,5.204721933980946
2024.760960960961,4.480270270270148,5.185808239695014
2024.7671671671671,4.469099099099138,5.166950260943048
2024.7733733733735,4.457927927927721,5.1481478719929825
2024.7795795795796,4.446756756756711,5.129400947312469
2024.7857857857857,4.435585585585704,5.110709361563892
2024.791991991992,4.424414414414285,5.092072989606257
2024.7981981981982,4.4132432432432775,5.073491706497085
2024.8044044044045,4.402072072071858,5.054965387487421
2024.8106106106106,4.390900900900851,5.036493908027161
2024.8168168168168,4.379729729729841,5.018077143760074
2024.823023023023,4.368558558558425,4.9997149705257105
2024.8292292292292,4.357387387387415,4.981407264361216
2024.8354354354356,4.346216216215998,4.963153901496484
2024.8416416416417,4.335045045044988,4.944954758359306
2024.8478478478478,4.32387387387398,4.92680971157056
2024.8540540540541,4.312702702702562,4.90871863794601
2024.8602602602602,4.301531531531554,4.890681414498154
2024.8664664664666,4.290360360360135,4.872697918431387
2024.8726726726727,4.279189189189127,4.854768027147133
2024.8788788788788,4.268018018018119,4.836891618239049
2024.8850850850852,4.256846846846701,4.819068569494828
2024.8912912912913,4.245675675675693,4.8012987588980085
2024.8974974974976,4.234504504504274,4.783582064623197
2024.9037037037037,4.223333333333266,4.765918365041135
2024.9099099099099,4.212162162162256,4.74830753871397
2024.9161161161162,4.20099099099084,4.730749464397029
2024.9223223223223,4.18981981981983,4.713244021040586
2024.9285285285287,4.178648648648413,4.695791087785168
2024.9347347347348,4.167477477477403,4.678390543966541
2024.940940940941,4.156306306306396,4.6610422691110465
2024.9471471471472,4.145135135134977,4.643746142937344
2024.9533533533534,4.13396396396397,4.6265020453581585
2024.9595595595597,4.12279279279255,4.609309856475641
2024.9657657657658,4.111621621621543,4.5921694565863
2024.971971971972,4.100450450450533,4.57508072617636
2024.9781781781783,4.089279279279117,4.558043545923548
2024.9843843843844,4.078108108108107,4.541057796698727
2024.9905905905907,4.06693693693669,4.524123359561406
2024.9967967967968,4.05576576576568,4.507240115764526
2025.003003003003,4.044594594594672,4.490407946749939
2025.0092092092093,4.033423423423254,4.473626734150114
2025.0154154154154,4.022252252252246,4.456896359789807
2025.0216216216218,4.011081081080827,4.4402167056815705
2025.0278278278279,3.999909909909819,4.423587654030509
2025.034034034034,3.988738738738811,4.407009087229813
2025.0402402402403,3.9775675675673927,4.390480887862424
2025.0464464464465,3.9663963963963846,4.374002938702687
2025.0526526526528,3.9552252252249662,4.357575122711939
2025.058858858859,3.944054054053958,4.3411973230431595
2025.065065065065,3.9328828828829487,4.3248694230366
2025.0712712712714,3.9217117117115317,4.308591306221396
2025.0774774774775,3.9105405405405222,4.2923628563172125
2025.0836836836836,3.899369369369514,4.276183957230478
2025.08988988989,3.8881981981980958,4.260054493056001
2025.096096096096,3.8770270270270877,4.243974348078587
2025.1023023023024,3.8658558558556693,4.227943406768709
2025.1085085085085,3.854684684684661,4.211961553787081
2025.1147147147146,3.843513513513652,4.196028673980331
2025.120920920921,3.8323423423422347,4.180144652382652
2025.127127127127,3.8211711711712253,4.164309374217318
2025.1333333333334,3.809999999999808,4.148522724892473
2025.1395395395396,3.798828828828799,4.132784590005602
2025.1457457457457,3.7876576576577907,4.117094855339291
2025.151951951952,3.7764864864863723,4.101453406862817
2025.1581581581581,3.7653153153153642,4.085860130733675
2025.1643643643645,3.754144144143946,4.070314913293414
2025.1705705705706,3.7429729729729377,4.054817641072025
2025.1767767767767,3.7318018018019297,4.039368200783782
2025.182982982983,3.7206306306305112,4.023966479328788
2025.1891891891892,3.709459459459503,4.008612363794499
2025.1953953953955,3.6982882882880848,3.9933057414515964
2025.2016016016016,3.6871171171170767,3.978046499758322
2025.2078078078077,3.6759459459460673,3.9628345263563807
2025.214014014014,3.66477477477465,3.9476697090724464
2025.2202202202202,3.653603603603641,3.932551935919669
2025.2264264264265,3.6424324324322237,3.917481095093615
2025.2326326326327,3.6312612612612143,3.902457074976513
2025.2388388388388,3.620090090090206,3.887479764133242
2025.2450450450451,3.608918918918788,3.872549051312792
2025.2512512512512,3.5977477477477797,3.8576648254497625
2025.2574574574576,3.5865765765763613,3.8428269756603313
2025.2636636636637,3.5754054054053532,3.828035391246486
2025.2698698698698,3.564234234234344,3.813289961692009
2025.2760760760762,3.5530630630629267,3.798590576663967
2025.2822822822823,3.5418918918919173,3.783937126014148
2025.2884884884886,3.5307207207205002,3.769329499775112
2025.2946946946947,3.519549549549491,3.7547675881643316
2025.3009009009008,3.5083783783784828,3.7402512815802638
2025.3071071071072,3.4972072072070644,3.725780470603798
2025.3133133133133,3.4860360360360563,3.7113550459996683
2025.3195195195196,3.474864864864638,3.6969748987125604
2025.3257257257258,3.46369369369363,3.6826399198712076
2025.3319319319319,3.4525225225226217,3.668350000784485
2025.3381381381382,3.4413513513512033,3.6541050329428617
2025.3443443443443,3.430180180180195,3.639904908019774
2025.3505505505507,3.419009009008777,3.625749517867808
2025.3567567567568,3.4078378378377687,3.6116387545226982
2025.362962962963,3.3966666666667593,3.597572510199508
2025.3691691691693,3.3854954954953422,3.5835506772940526
2025.3753753753754,3.374324324324333,3.5695731483842237
2025.3815815815817,3.3631531531529157,3.5556398162262726
2025.3877877877878,3.3519819819819063,3.5417505737586996
2025.393993993994,3.3408108108108983,3.5279053140985317
2025.4002002002003,3.32963963963948,3.514103930542672
2025.4064064064064,3.3184684684684718,3.500346316569264
2025.4126126126127,3.3072972972970534,3.4866323658339673
2025.4188188188189,3.2961261261260453,3.47296197217383
2025.425025025025,3.284954954955036,3.4593350296036007
2025.4312312312313,3.273783783783619,3.445751432317057
2025.4374374374374,3.2626126126126094,3.432211074688345
2025.4436436436438,3.2514414414411923,3.4187138512683237
2025.44984984985,3.240270270270183,3.4052596567883455
2025.456056056056,3.229099099099175,3.391848386156658
2025.4622622622624,3.2179279279277564,3.378479934459691
2025.4684684684685,3.2067567567567483,3.3651541969633714
2025.4746746746748,3.19558558558533,3.351871069109516
2025.480880880881,3.184414414414322,3.338630446519584
2025.487087087087,3.1732432432433137,3.325432224991082
2025.4932932932934,3.1620720720718953,3.31227630049887
2025.4994994994995,3.1509009009008873,3.2991625691964384
2025.5057057057059,3.139729729729469,3.2860909274123493
2025.511911911912,3.1285585585584594,3.2730612716539325
2025.518118118118,3.1173873873874514,3.2600734986037505
2025.5243243243244,3.106216216216033,3.247127505120874
2025.5305305305305,3.095045045045025,3.2342231882421304
2025.5367367367367,3.083873873874017,3.2213604451790903
2025.542942942943,3.0727027027025984,3.208539173319328
2025.5491491491491,3.0615315315315903,3.1957592702276543
2025.5553553553555,3.050360360360172,3.1830206336426645
2025.5615615615616,3.039189189189164,3.1703231614803187
2025.5677677677677,3.0280180180181544,3.1576667518305004
2025.573973973974,3.0168468468467373,3.1450513029582545
2025.5801801801802,3.005675675675728,3.132476713304994
2025.5863863863865,2.994504504504311,3.119942881485115
2025.5925925925926,2.9833333333333014,3.1074497062894917
2025.5987987987987,2.9721621621622933,3.0949970866821204
2025.605005005005,2.960990990990875,3.0825849218013013
2025.6112112112112,2.949819819819867,3.0702131109608573
2025.6174174174175,2.9386486486484484,3.0578815536467627
2025.6236236236236,2.9274774774774404,3.0455901495206215
2025.6298298298298,2.916306306306431,3.033338798416322
2025.636036036036,2.905135135135014,3.0211274003412303
2025.6422422422422,2.8939639639640045,3.0089558554773665
2025.6484484484486,2.8827927927925874,2.9968240641780968
2025.6546546546547,2.871621621621578,2.9847319269715404
2025.6608608608608,2.86045045045057,2.9726793445572897
2025.6670670670671,2.8492792792791515,2.9606662178075744
2025.6732732732733,2.8381081081081434,2.9486924477684147
2025.6794794794796,2.826936936936725,2.9367579356563676
2025.6856856856857,2.815765765765717,2.924862582861881
2025.6918918918918,2.804594594594709,2.913006290946048
2025.6980980980982,2.7934234234232904,2.9011889616417723
2025.7043043043043,2.7822522522522823,2.8894104968548806
2025.7105105105106,2.771081081080864,2.8776707986609296
2025.7167167167167,2.759909909909856,2.8659697693085047
2025.7229229229229,2.7487387387388464,2.854307311216009
2025.7291291291292,2.7375675675674294,2.8426833269728333
2025.7353353353353,2.72639639639642,2.8310977193404137
2025.7415415415417,2.715225225225003,2.8195503912491304
2025.7477477477478,2.7040540540539935,2.8080412458015034
2025.753953953954,2.6928828828829854,2.7965701862690784
2025.7601601601602,2.681711711711567,2.78513711609353
2025.7663663663664,2.670540540540559,2.7737419388877367
2025.7725725725727,2.6593693693691405,2.762384558432705
2025.7787787787788,2.6481981981981324,2.751064878680719
2025.784984984985,2.637027027027123,2.7397828037522713
2025.7911911911913,2.625855855855706,2.72853823793715
2025.7973973973974,2.6146846846846965,2.7173310856954913
2025.8036036036037,2.6035135135132794,2.706161251654751
2025.8098098098098,2.59234234234227,2.6950286406127923
2025.816016016016,2.581171171171262,2.683933157534888
2025.8222222222223,2.5699999999998435,2.672874707554756
2025.8284284284284,2.5588288288288354,2.6618531959756155
2025.8346346346348,2.547657657657417,2.650868528267194
2025.8408408408409,2.536486486486409,2.6399206100687684
2025.847047047047,2.525315315315401,2.62900934718621
2025.8532532532533,2.5141441441439825,2.618134645592996
2025.8594594594595,2.5029729729729744,2.6072964114312636
2025.8656656656658,2.491801801801556,2.59649455100883
2025.871871871872,2.480630630630548,2.585728970802228
2025.878078078078,2.4694594594595385,2.574999577453746
2025.8842842842844,2.4582882882881214,2.564306277772468
2025.8904904904905,2.447117117117112,2.5536489787352616
2025.8966966966968,2.435945945945695,2.543027587483891
2025.902902902903,2.4247747747746855,2.5324420113279587
2025.909109109109,2.4136036036036774,2.5218921577420215
2025.9153153153154,2.402432432432259,2.511377934366593
2025.9215215215215,2.391261261261251,2.5008992490091235
2025.9277277277279,2.3800900900898325,2.4904560096411483
2025.933933933934,2.3689189189188244,2.48004812440119
2025.94014014014,2.357747747747815,2.4696755015919036
2025.9463463463464,2.346576576576398,2.459338049681081
2025.9525525525526,2.3354054054053885,2.449035677302587
2025.958758758759,2.3242342342339715,2.4387682932535832
2025.964964964965,2.313063063062962,2.4285358064973432
2025.9711711711711,2.301891891891954,2.4183381261604744
2025.9773773773775,2.2907207207205356,2.408175161533883
2025.9835835835836,2.2795495495495275,2.3980468220737077
2025.98978978979,2.268378378378109,2.387953017398569
2025.995995995996,2.257207207207101,2.377893657292347
2026.0022022022022,2.246036036036093,2.3678686517014524
2026.0084084084085,2.2348648648646745,2.357877910735749
2026.0146146146146,2.2236936936936664,2.3479213446695004
2026.0208208208207,2.212522522522657,2.3379988639389992
2026.027027027027,2.20135135135124,2.328110379143504
2026.0332332332332,2.1901801801802305,2.3182558010461567
2026.0394394394395,2.1790090090088134,2.308435040571283
2026.0456456456457,2.167837837837804,2.2986480088071195
2026.0518518518518,2.156666666666796,2.288894617003121
2026.0580580580581,2.1454954954953775,2.2791747765708816
2026.0642642642642,2.1343243243243695,2.2694883990850334
2026.0704704704706,2.123153153152951,2.259835396280586
2026.0766766766767,2.111981981981943,2.2502156800556103
2026.0828828828828,2.1008108108109336,2.2406291624685784
2026.0890890890892,2.0896396396395165,2.2310757557392895
2026.0952952952953,2.078468468468507,2.221555372249718
2026.1015015015016,2.06729729729709,2.212067924541427
2026.1077077077077,2.0561261261260806,2.2026133253181825
2026.1139139139138,2.0449549549550725,2.193191487443345
2026.1201201201202,2.033783783783654,2.183802323940771
2026.1263263263263,2.022612612612646,2.1744457479956587
2026.1325325325327,2.0114414414412276,2.1651216729519795
2026.1387387387388,2.0002702702702195,2.1558300123150698
2026.1449449449449,1.9890990990992115,2.146570679749045
2026.1511511511512,1.977927927927793,2.1373435890776897
2026.1573573573573,1.966756756756785,2.128148654285291
2026.1635635635637,1.9555855855853665,2.1189857895141113
2026.1697697697698,1.9444144144143585,2.1098549090669163
2026.175975975976,1.933243243243349,2.1007559274044603
2026.1821821821823,1.922072072071932,2.0916887591463293
2026.1883883883884,1.9109009009009226,2.082653319071773
2026.1945945945947,1.8997297297295055,2.073649522117218
2026.2008008008008,1.888558558558496,2.064677283378741
2026.207007007007,1.877387387387488,2.0557365181096077
2026.2132132132133,1.8662162162160696,2.046827141721087
2026.2194194194194,1.8550450450450615,2.0379490697832754
2026.2256256256258,1.843873873873643,2.0291022180226355
2026.2318318318319,1.832702702702635,2.0202865023244443
2026.238038038038,1.8215315315316256,2.0115018387303563
2026.2442442442443,1.8103603603602085,2.00274814343921
2026.2504504504504,1.7991891891891991,1.9940253328078268
2026.2566566566568,1.788018018017782,1.985333323348598
2026.262862862863,1.7768468468467726,1.9766720317318835
2026.269069069069,1.7656756756757646,1.9680413747836143
2026.2752752752754,1.7545045045043461,1.9594412694860852
2026.2814814814815,1.743333333333338,1.9508716329787317
2026.2876876876878,1.7321621621619196,1.9423323825557635
2026.293893893894,1.7209909909909116,1.9338234356685158
2026.3001001001,1.7098198198199035,1.925344709923085
2026.3063063063064,1.698648648648485,1.9168961230811101
2026.3125125125125,1.687477477477477,1.9084775930605429
2026.3187187187189,1.6763063063060586,1.9000890379332995
2026.324924924925,1.6651351351350505,1.8917303759275867
2026.331131131131,1.653963963964041,1.8834015254255627
2026.3373373373374,1.642792792792624,1.8751024049641147
2026.3435435435435,1.6316216216216146,1.8668329332355935
2026.34974974975,1.6204504504501975,1.8585930290855357
2026.355955955956,1.6092792792791881,1.8503826115149056
2026.3621621621621,1.59810810810818,1.8422015996778343
2026.3683683683685,1.5869369369367616,1.834049912882349
2026.3745745745746,1.5757657657657536,1.8259274705911137
2026.380780780781,1.5645945945943351,1.8178341924191748
2026.386986986987,1.553423423423327,1.809769998136172
2026.3931931931932,1.5422522522523177,1.8017348076641033
2026.3993993993995,1.5310810810809006,1.7937285410780484
2026.4056056056056,1.5199099099098912,1.78575111860689
2026.411811811812,1.508738738738474,1.7778024606310932
2026.418018018018,1.4975675675674647,1.7698824876848764
2026.4242242242242,1.4863963963964566,1.7619911204540186
2026.4304304304305,1.4752252252250382,1.7541282797765643
2026.4366366366366,1.46405405405403,1.746293886643521
2026.442842842843,1.4528828828826117,1.7384878621966848
2026.449049049049,1.4417117117116036,1.7307101277307737
2026.4552552552552,1.4305405405405955,1.7229606046912567
2026.4614614614616,1.4193693693691771,1.7152392146750528
2026.4676676676677,1.408198198198169,1.7075458794312213
2026.473873873874,1.3970270270267506,1.6998805208588006
2026.4800800800801,1.3858558558557426,1.6922430610089267
2026.4862862862863,1.3746846846847331,1.6846334220826735
2026.4924924924926,1.363513513513316,1.6770515264317645
2026.4986986986987,1.3523423423423067,1.6694972965592165
2026.5049049049048,1.3411711711712986,1.6619706551175228
2026.5111111111112,1.3299999999998802,1.6544715249093174
2026.5173173173173,1.318828828828872,1.6469998288880476
2026.5235235235236,1.3076576576574537,1.6395554901558733
2026.5297297297298,1.2964864864864456,1.6321384319657057
2026.5359359359359,1.2853153153154362,1.6247485777191288
2026.5421421421422,1.274144144144019,1.6173858509670564
2026.5483483483483,1.2629729729730097,1.6100501754103793
2026.5545545545547,1.2518018018015926,1.6027414748979179
2026.5607607607608,1.2406306306305832,1.5954596734283981
2026.566966966967,1.2294594594595751,1.5882046951484292
2026.5731731731732,1.2182882882881567,1.5809764643531352
2026.5793793793794,1.2071171171171486,1.5737749054867893
2026.5855855855857,1.1959459459457302,1.5665999431407922
2026.5917917917918,1.1847747747747222,1.559451502055634
2026.597997997998,1.1736036036037127,1.5523295071188772
2026.6042042042043,1.1624324324322957,1.5452338833657921
2026.6104104104104,1.1512612612612863,1.5381645559799697
2026.6166166166167,1.1400900900898692,1.5311214502913397
2026.6228228228229,1.1289189189188598,1.524104491778084
2026.629029029029,1.1177477477478517,1.517113606064664
2026.6352352352353,1.1065765765764333,1.5101487189224354
2026.6414414414414,1.0954054054054252,1.503209756270252
2026.6476476476478,1.0842342342340068,1.49629664417251
2026.653853853854,1.0730630630629987,1.489409308841033
2026.66006006006,1.0618918918919906,1.4825476766331214
2026.6662662662663,1.0507207207205722,1.4757116740521647
2026.6724724724725,1.0395495495495641,1.4689012277482227
2026.6786786786788,1.0283783783781457,1.4621162645161112
2026.684884884885,1.0172072072071376,1.4553567112972396
2026.691091091091,1.0060360360361282,1.4486224951776996
2026.6972972972974,0.9948648648647112,1.4419135433888661
2026.7035035035035,0.9836936936937017,1.4352297833079528
2026.7097097097098,0.9725225225222847,1.4285711424561478
2026.715915915916,0.9613513513512753,1.4219375485003987
2026.722122122122,0.9501801801802672,1.4153289292515483
2026.7283283283284,0.9390090090088488,1.4087452126649018
2026.7345345345345,0.9278378378378407,1.4021863268407948
2026.7407407407409,0.9166666666664223,1.395652200022737
2026.746946946947,0.9054954954954142,1.3891427605991762
2026.753153153153,0.8943243243244048,1.3826579371016605
2026.7593593593595,0.8831531531529877,1.3761976582053919
2026.7655655655656,0.8719819819819783,1.3697618527297823
2026.771771771772,0.8608108108105612,1.363350449636629
2026.777977977978,0.8496396396395518,1.35696337803184
2026.7841841841841,0.8384684684685437,1.3506005671636334
2026.7903903903905,0.8272972972971253,1.3442619464230738
2026.7965965965966,0.8161261261261172,1.3379474453446147
2026.802802802803,0.8049549549546988,1.3316569936043046
2026.809009009009,0.7937837837836907,1.3253905210214842
2026.8152152152152,0.7826126126126827,1.319147957557005
2026.8214214214215,0.7714414414412643,1.312929233313766
2026.8276276276276,0.7602702702702562,1.3067342785372325
2026.833833833834,0.7490990990988378,1.3005630236136763
2026.84004004004,0.7379279279278297,1.294415399071842
2026.8462462462462,0.7267567567568203,1.2882913355811887
2026.8524524524526,0.7155855855854032,1.2821907639524235
2026.8586586586587,0.7044144144143938,1.2761136151379953
2026.864864864865,0.6932432432429767,1.2700598202303808
2026.8710710710711,0.6820720720719673,1.264029310463702
2026.8772772772772,0.6709009009009592,1.2580220172120067
2026.8834834834836,0.6597297297295408,1.252037871989784
2026.8896896896897,0.6485585585585327,1.246076806452452
2026.895895895896,0.6373873873871143,1.2401387523946692
2026.9021021021022,0.6262162162161062,1.2342236417519181
2026.9083083083083,0.6150450450450968,1.2283314065988167
2026.9145145145146,0.6038738738736797,1.2224619791496236
2026.9207207207207,0.5927027027026703,1.2166152917587074
2026.926926926927,0.5815315315312533,1.2107912769188955
2026.9331331331332,0.5703603603602438,1.2049898672630155
2026.9393393393393,0.5591891891892358,1.1992109955622483
2026.9455455455457,0.5480180180178174,1.1934545947266026
2026.9517517517518,0.5368468468468093,1.1877205978053955
2026.9579579579581,0.5256756756753909,1.1820089379856071
2026.9641641641642,0.5145045045043828,1.1763195485934068
2026.9703703703703,0.5033333333333747,1.1706523630925254
2026.9765765765767,0.4921621621619563,1.1650073150847224
2026.9827827827828,0.4809909909909482,1.1593843383102516
2026.988988988989,0.4698198198199388,1.1537833666464472
2026.9951951951953,0.45864864864852173,1.1482043341082049
2027.0014014014014,0.4474774774775123,1.142647174848413
2027.0076076076077,0.43630630630609524,1.137111823156378
2027.0138138138138,0.42513513513508583,1.1315982134592883
2027.02002002002,0.41396396396407775,1.1261062803206272
2027.0262262262263,0.40279279279265934,1.1206359584406393
2027.0324324324324,0.39162162162165126,1.1151871826567512
2027.0386386386388,0.38045045045023285,1.109759887942025
2027.0448448448449,0.36927927927922477,1.1043540094065878
2027.051051051051,0.35810810810821536,1.098969482296078
2027.0572572572573,0.3469369369367983,1.093606241992096
2027.0634634634634,0.33576576576578887,1.0882642240126112
2027.0696696696698,0.3245945945943718,1.0829433640104515
2027.075875875876,0.3134234234233624,1.0776435977746908
2027.082082082082,0.3022522522523543,1.0723648612291345
2027.0882882882884,0.2910810810809359,1.0671070904327449
2027.0944944944945,0.2799099099099278,1.0618702215800517
2027.1007007007008,0.2687387387385094,1.0566541909996583
2027.106906906907,0.2575675675675013,1.0514589351556023
2027.113113113113,0.24639639639649324,1.0462843906458674
2027.1193193193194,0.23522522522507483,1.0411304942027961
2027.1255255255255,0.22405405405406675,1.0359971826934968
2027.1317317317319,0.21288288288264834,1.0308843931183622
2027.137937937938,0.20171171171164026,1.0257920626124128
2027.144144144144,0.19054054054063085,1.0207201284438314
2027.1503503503504,0.17936936936921377,1.0156685280143654
2027.1565565565566,0.16819819819820436,1.0106371988597167
2027.162762762763,0.15702702702678728,1.0056260786480946
2027.168968968969,0.14585585585577787,1.0006351051815272
2027.1751751751751,0.1346846846847698,0.9956642163944219
2027.1813813813815,0.12351351351335138,0.9907133503539496
2027.1875875875876,0.1123423423423433,0.9857824452604409
2027.193793793794,0.10117117117092489,0.9808714394459441
2027.2,0.08999999999991681,0.9759802713755272
